Date,Tn,Tx,Tavg,RH_avg,RR,ss,ff_x,ddd_x,ff_avg,ddd_car,rad(m)
2020-01-01,25.2,32.0,27.0,82.0,16.5,6.5,7.0,300.0,3.0,W ,-0.1013384294649061
2020-01-02,25.6,31.0,27.9,78.0,5.2,3.5,8.0,270.0,4.0,W ,-0.0809590277777777
2020-01-03,25.3,31.5,27.6,82.0,1.5,5.9,10.0,280.0,6.0,W ,-0.0381722222222222
2020-01-05,25.6,31.3,28.6,81.0,8.1,8.0,260.0,6.0,3.1337480559875583,,-0.0071693245518537
2020-01-06,25.5,30.6,27.8,80.0,7.5,6.6,7.0,260.0,6.0,W ,-0.0274368055555555
2020-01-07,26.4,30.6,28.3,79.0,6.2,5.0,7.0,290.0,6.0,W ,-0.0187347222222222
2020-01-08,26.3,31.1,29.0,76.0,1.6,6.8,7.0,290.0,5.0,W ,-0.0183444444444444
2020-01-09,26.8,31.2,28.7,76.0,8888.0,8.5,9.0,300.0,4.0,W ,0.105324534769769
2020-01-10,26.5,31.0,28.7,72.0,0.0,6.0,260.0,4.0,3.1337480559875583,,0.0228456697725437
2020-01-11,27.0,31.4,27.9,82.0,8888.0,12.3,9.0,280.0,6.0,W ,-0.0197430555555555
2020-01-13,24.5,31.2,28.0,79.0,13.7,8.4,9.0,260.0,6.0,W ,0.0321069444444444
2020-01-14,25.2,32.0,28.9,75.0,8888.0,8.7,5.0,250.0,2.0,E ,0.0648820761762144
2020-01-15,26.8,32.5,28.7,78.0,0.0,10.0,5.0,250.0,2.0,SW,0.0441520833333333
2020-01-16,25.9,32.0,28.5,78.0,4.8,8.6,6.0,270.0,3.0,W ,0.0063918809945081
2020-01-17,24.0,31.0,28.3,79.0,12.9,11.2,5.0,250.0,3.0,W ,-0.0015354166666666
2020-01-18,25.6,30.8,28.6,74.0,0.0,12.0,5.0,280.0,3.0,W ,0.0114027777777777
2020-01-19,26.8,31.2,29.2,72.0,0.8,12.1,6.0,260.0,3.0,W ,0.061327321713482
2020-01-20,25.2,31.2,27.7,81.0,6.0,260.0,4.0,,3.1337480559875583,,0.0043862438987354
2020-01-21,25.2,29.3,27.7,81.0,12.3,5.0,300.0,4.0,3.1337480559875583,,-0.007871763576244
2020-01-22,27.0,32.0,29.7,71.0,0.0,7.2,6.0,250.0,2.0,W ,-0.0363805555555555
2020-01-23,26.2,32.6,29.3,77.0,12.2,11.3,5.0,250.0,2.0,W ,-0.01570625
2020-01-24,26.0,32.4,29.2,73.0,0.0,12.0,4.0,120.0,2.0,E ,-0.0328076388888888
2020-01-25,25.8,32.9,29.5,73.0,8888.0,11.1,4.0,90.0,2.0,E ,-0.0564048611111111
2020-01-26,26.6,32.6,29.3,74.0,0.0,5.0,260.0,2.0,3.1337480559875583,,-0.0533388888888888
2020-01-27,26.6,32.8,29.3,73.0,8.2,4.0,90.0,2.0,3.1337480559875583,,-0.0848256944444444
2020-01-28,26.8,33.6,29.3,76.0,0.0,8.1,4.0,90.0,2.0,E ,-0.0764562499999999
2020-01-29,26.5,32.8,29.6,77.0,7.8,7.0,300.0,3.0,3.1337480559875583,,-0.0731743055555555
2020-01-30,26.0,30.7,27.0,88.0,7.1,11.8,8.0,250.0,4.0,NW,-0.0566445858758956
2020-01-31,24.6,32.0,28.5,75.0,17.8,1.2,7.0,280.0,4.0,W ,-0.0489347222222222
2020-02-01,26.8,32.2,28.2,80.0,8888.0,7.6,5.0,240.0,2.0,W ,-0.0189472222222226
2020-02-02,25.4,32.1,28.3,78.0,8888.0,7.4,5.0,110.0,2.0,E ,-0.034772916666667
2020-02-03,25.8,32.2,28.7,76.0,0.0,10.3,5.0,110.0,2.0,E ,-0.0266944444444448
2020-02-04,25.8,32.4,28.6,74.0,0.0,11.2,5.0,260.0,2.0,W ,-0.0629555555555559
2020-02-05,25.2,31.8,28.4,76.0,0.0,11.8,5.0,270.0,4.0,W ,-0.0147784722222226
2020-02-06,25.2,31.9,28.5,81.0,27.2,11.5,6.0,270.0,4.0,W ,0.0130423611111106
2020-02-07,26.1,31.9,29.0,77.0,1.3,8.3,8.0,330.0,3.0,W ,0.0429145833333329
2020-02-08,25.8,32.0,29.2,75.0,1.6,5.8,7.0,290.0,3.0,W ,0.0620138888888884
2020-02-09,24.5,30.1,25.6,90.0,22.1,4.2,10.0,270.0,5.0,W ,0.0387215277777773
2020-02-10,24.3,31.0,29.0,75.0,39.8,0.0,7.0,280.0,4.0,W ,0.0661208333333328
2020-02-11,25.6,31.4,27.7,75.0,0.5,8.7,6.0,260.0,2.0,N ,0.0809680555555551
2020-02-12,25.6,31.7,28.2,78.0,0.0,9.2,4.0,110.0,2.0,E ,0.0876430555555551
2020-02-13,25.4,32.6,28.7,78.0,7.1,6.2,4.0,250.0,2.0,E ,0.0930111111111106
2020-02-14,25.4,32.0,28.2,77.0,8888.0,9.6,4.0,90.0,2.0,E ,0.0668374999999995
2020-02-15,26.9,32.0,28.8,79.0,0.0,8.1,6.0,300.0,3.0,E ,0.0518749999999995
2020-02-16,24.0,31.6,27.6,82.0,17.3,9.1,5.0,260.0,2.0,W ,0.035350694444444
2020-02-17,24.0,30.6,27.4,81.0,4.0,9.0,8.0,250.0,4.0,W ,-0.0145375000000004
2020-02-18,26.5,30.7,28.7,75.0,0.0,5.0,5.0,270.0,3.0,W ,-0.0082277777777782
2020-02-19,24.8,31.1,28.1,78.0,1.2,5.1,6.0,260.0,4.0,W ,0.0047048611111106
2020-02-20,25.4,31.6,28.4,78.0,7.7,7.4,5.0,250.0,3.0,W ,0.0132249999999995
2020-02-21,25.5,31.1,28.6,81.0,6.7,2.1,6.0,310.0,4.0,W ,0.0117576388888884
2020-02-22,24.8,31.4,27.7,81.0,10.0,290.0,5.0,,3.1337480559875583,,0.0403243055555551
2020-02-23,26.5,31.2,28.6,78.0,1.2,9.3,5.0,300.0,3.0,W ,0.0333555555555551
2020-02-24,25.3,32.0,28.7,80.0,3.2,11.6,4.0,260.0,2.0,W ,0.0581895214951349
2020-02-25,25.5,32.0,28.9,84.0,0.3,11.9,7.0,300.0,2.0,W ,0.0057490371751051
2020-02-26,24.8,31.2,27.8,86.0,51.0,9.5,7.0,280.0,4.0,W ,0.0298611111111106
2020-02-27,25.8,32.1,28.8,79.0,1.5,2.0,5.0,260.0,2.0,W ,0.0635374999999995
2020-02-28,26.8,32.4,28.9,81.0,0.0,8.8,8.0,240.0,5.0,W ,0.064544444444444
2020-02-29,27.1,31.8,27.7,81.0,7.0,260.0,4.0,,3.1337480559875583,,0.0513791666666662
2020-03-01,26.6,31.1,27.4,88.0,1.5,7.7,6.0,240.0,3.0,N ,0.0110159722222224
2020-03-02,25.1,32.8,28.5,80.0,15.5,5.9,4.0,260.0,2.0,NE,0.0023965277777779
2020-03-03,26.2,32.2,28.6,80.0,0.0,9.6,6.0,230.0,4.0,W ,-0.0188729166666664
2020-03-04,24.5,30.0,26.7,88.0,44.6,7.4,5.0,270.0,3.0,NW,-0.015840972222222
2020-03-05,24.0,31.5,27.7,81.0,7.0,260.0,4.0,,3.1337480559875583,,-0.01254694838499
2020-03-06,24.6,30.7,28.3,81.0,1.2,8.1,8.0,270.0,3.0,W ,0.0049693886758796
2020-03-07,25.2,31.5,26.7,85.0,21.1,1.2,5.0,260.0,2.0,NE,0.0120590277777779
2020-03-08,24.7,30.5,26.8,89.0,57.8,7.9,5.0,40.0,2.0,E ,0.070951388888889
2020-03-09,25.6,31.2,27.0,86.0,1.9,2.8,10.0,260.0,6.0,W ,0.0776256944444446
2020-03-10,25.6,31.6,28.0,84.0,4.3,3.9,6.0,260.0,3.0,W ,0.1306738373681832
2020-03-11,25.0,32.3,28.7,83.0,3.0,8.8,5.0,250.0,2.0,E ,0.0957305555555557
2020-03-12,25.1,32.4,27.8,88.0,32.3,9.0,4.0,360.0,2.0,N ,0.0564437500000002
2020-03-13,25.8,32.4,28.7,80.0,0.2,4.1,6.0,320.0,3.0,N ,0.0478291666666668
2020-03-14,23.6,31.5,27.3,84.0,31.9,6.0,5.0,270.0,2.0,W ,0.0542194444444446
2020-03-15,25.9,32.1,28.7,80.0,0.0,4.9,15.0,40.0,2.0,S ,0.0110619786761382
2020-03-16,24.0,32.0,28.4,83.0,0.7,7.5,4.0,130.0,2.0,NE,-0.0094444444444442
2020-03-17,25.6,31.6,28.3,81.0,0.0,10.0,5.0,110.0,3.0,E ,0.0275104166666668
2020-03-18,25.3,31.8,27.9,82.0,0.0,11.3,4.0,100.0,2.0,E ,0.0224237440765764
2020-03-19,25.2,32.1,28.2,78.0,0.0,8.4,5.0,110.0,2.0,E ,0.0273618055555557
2020-03-20,25.3,32.6,28.5,74.0,0.0,7.8,4.0,110.0,2.0,E ,0.0312041666666668
2020-03-21,25.8,31.8,28.5,79.0,0.0,11.1,4.0,260.0,2.0,NE,0.0242333333333335
2020-03-22,25.5,31.8,28.2,76.0,8888.0,6.0,4.0,120.0,2.0,E ,-0.0102684297204376
2020-03-23,25.6,31.8,28.0,82.0,0.0,7.1,4.0,310.0,2.0,NE,0.0365840670912849
2020-03-24,24.4,31.6,27.6,84.0,16.6,5.9,5.0,110.0,2.0,E ,-0.0222499999999997
2020-03-25,24.8,32.0,27.8,82.0,0.0,8.6,4.0,120.0,3.0,E ,-0.0189819444444442
2020-03-26,25.4,32.2,28.9,78.0,0.0,11.0,4.0,110.0,2.0,E ,-0.0076423611111109
2020-03-27,26.6,30.0,28.0,87.0,9.8,11.0,5.0,270.0,2.0,W ,-0.0163451388888886
2020-03-28,26.0,28.3,27.7,81.0,3.6,4.0,110.0,2.0,3.1337480559875583,,-0.0606013888888886
2020-03-29,26.2,31.6,28.2,84.0,0.0,10.0,4.0,110.0,2.0,E ,-0.045073913043478
2020-03-30,25.8,31.9,28.4,80.0,0.0,10.3,6.0,130.0,2.0,E ,-0.0497340277777775
2020-03-31,25.2,28.4,27.7,81.0,10.9,5.0,90.0,2.0,3.1337480559875583,,-0.0230622930599077
2020-04-01,25.3,31.7,28.0,78.0,0.0,10.1,5.0,130.0,2.0,E ,-0.0656126300080468
2020-04-02,25.4,31.9,28.3,80.0,0.0,8.2,5.0,110.0,3.0,SE,-0.0193673611111115
2020-04-03,25.5,32.1,29.0,80.0,0.0,10.5,4.0,110.0,2.0,E ,-0.0037679987095833
2020-04-04,26.4,31.8,28.5,86.0,8.1,4.0,130.0,2.0,3.1337480559875583,,-0.024272916666667
2020-04-05,26.2,31.4,28.4,82.0,0.0,7.8,5.0,260.0,2.0,E ,0.0031173611111106
2020-04-06,25.3,30.8,28.0,86.0,6.6,3.6,6.0,320.0,2.0,W ,0.0317402777777773
2020-04-07,25.3,32.3,28.0,81.0,0.0,3.8,4.0,130.0,2.0,E ,0.0430326388888884
2020-04-08,25.3,31.4,28.3,80.0,0.0,7.9,4.0,110.0,2.0,E ,0.011531944444444
2020-04-09,25.3,32.2,28.3,78.0,0.0,8.6,4.0,100.0,2.0,SE,0.0119013888888884
2020-04-10,25.5,32.2,28.5,81.0,0.0,5.0,140.0,2.0,3.1337480559875583,,0.0102597222222217
2020-04-11,25.2,31.1,27.3,82.0,6.2,11.0,5.0,100.0,2.0,E ,0.0269379246353643
2020-04-12,24.6,31.2,27.5,76.0,0.8,7.4,3.0,340.0,2.0,SE,0.0279888888888884
2020-04-13,24.1,32.2,27.7,74.0,6.6,3.0,90.0,2.0,3.1337480559875583,,0.0849763888888884
2020-04-14,25.2,28.2,27.7,81.0,8.4,4.0,110.0,2.0,3.1337480559875583,,0.077781944444444
2020-04-15,25.0,32.9,28.4,85.0,0.0,8.3,4.0,270.0,2.0,E ,0.0360062499999995
2020-04-16,24.4,32.6,28.4,83.0,10.7,0.0,4.0,140.0,2.0,SE,0.0249284722222217
2020-04-17,25.7,31.6,28.6,84.0,1.0,6.5,5.0,90.0,2.0,E ,0.0238152777777773
2020-04-18,26.0,32.8,28.6,83.0,0.0,7.2,3.0,100.0,1.0,E ,0.0426055555555551
2020-04-19,26.2,32.2,27.7,84.0,1.1,8.1,4.0,260.0,1.0,NE,0.0233701388888884
2020-04-20,25.0,32.0,28.1,84.0,37.0,7.2,4.0,130.0,2.0,SE,0.0043659722222218
2020-04-21,23.5,31.8,28.2,80.0,0.0,10.4,5.0,120.0,3.0,SE,0.004863194444444
2020-04-22,25.1,32.4,28.2,79.0,0.0,10.7,6.0,100.0,3.0,SE,-0.0114972222222226
2020-04-23,25.4,31.8,28.2,84.0,0.0,10.8,8.0,120.0,4.0,SE,0.0093937499999995
2020-04-24,25.2,31.5,29.2,79.0,0.0,11.0,5.0,130.0,3.0,SE,-0.0040173611111115
2020-04-25,26.0,30.7,28.1,83.0,0.0,10.4,5.0,130.0,2.0,E ,-0.0383840277777782
2020-04-26,25.2,31.3,28.1,86.0,0.0,3.0,6.0,130.0,4.0,SE,-0.0455361111111115
2020-04-27,25.1,30.8,27.8,85.0,4.8,10.0,5.0,120.0,3.0,SE,-0.0689465277777782
2020-04-28,25.6,31.0,27.6,85.0,0.0,9.3,4.0,110.0,2.0,E ,-0.0552388888888893
2020-04-29,24.7,31.1,27.2,84.0,0.0,9.3,5.0,130.0,3.0,SE,-0.0486013888888893
2020-04-30,25.4,30.8,28.5,80.0,0.0,10.7,5.0,110.0,3.0,E ,-0.033416666666667
2020-05-01,25.0,30.6,27.5,77.0,0.0,7.4,5.0,130.0,3.0,SE,-0.1181986111111111
2020-05-02,24.5,31.2,28.0,74.0,0.0,9.8,8.0,110.0,4.0,SE,-0.1149409722222223
2020-05-03,25.4,31.5,27.8,76.0,1.0,10.6,7.0,110.0,4.0,E ,-0.1044458333333334
2020-05-04,26.7,31.4,28.5,75.0,0.0,9.1,7.0,120.0,5.0,SE,-0.1154210508025782
2020-05-05,26.8,31.2,28.9,77.0,10.6,7.0,100.0,4.0,3.1337480559875583,,-0.1588597222222222
2020-05-06,26.9,31.6,28.5,81.0,0.0,10.5,5.0,110.0,2.0,E ,-0.1684111111111111
2020-05-07,25.6,31.8,28.1,85.0,0.0,10.4,5.0,130.0,2.0,E ,-0.1488951388888889
2020-05-08,26.0,31.2,28.2,83.0,0.0,9.5,6.0,130.0,3.0,SE,-0.129325
2020-05-09,24.3,30.4,27.3,87.0,32.8,10.0,5.0,110.0,3.0,SE,-0.1027097222222222
2020-05-10,24.6,31.4,27.4,84.0,0.0,8.5,5.0,120.0,3.0,E ,-0.0768013888888889
2020-05-11,25.2,30.5,27.3,81.0,0.0,9.0,5.0,130.0,3.0,SE,-0.0826965277777778
2020-05-12,25.1,30.2,27.2,86.0,0.0,10.6,5.0,130.0,3.0,SE,-0.0425723187436359
2020-05-13,25.3,30.4,27.4,87.0,8888.0,10.8,12.0,120.0,6.0,SE,-0.0092694444444445
2020-05-14,25.8,30.2,27.4,84.0,1.5,10.3,7.0,130.0,4.0,SE,-0.0167569444444445
2020-05-15,26.2,30.2,28.0,88.0,0.0,7.1,6.0,140.0,4.0,SE,0.007998611111111
2020-05-16,26.8,30.3,28.4,88.0,0.1,8.3,6.0,120.0,5.0,SE,0.0255784722222221
2020-05-17,27.6,30.7,28.7,84.0,9.1,6.0,110.0,5.0,3.1337480559875583,,0.0071652777777777
2020-05-18,27.3,30.6,27.7,81.0,6.0,130.0,2.0,,3.1337480559875583,,-0.0033090277777778
2020-05-19,25.4,30.8,28.1,87.0,0.8,4.1,6.0,150.0,2.0,SE,-0.0230694444444445
2020-05-20,25.4,29.6,27.0,88.0,0.9,3.2,7.0,120.0,4.0,SE,-0.0026854166666667
2020-05-21,26.0,29.8,27.6,89.0,0.5,6.0,5.0,260.0,2.0,E ,-0.0731125
2020-05-22,25.0,30.8,28.0,81.0,13.9,1.2,4.0,280.0,2.0,W ,-0.0092638888888889
2020-05-23,25.4,31.0,27.7,86.0,3.6,9.0,5.0,260.0,2.0,W ,-0.0349450926144249
2020-05-24,21.9,30.8,28.1,91.0,0.0,8.4,5.0,280.0,2.0,W ,-0.0135944444444445
2020-05-25,25.8,30.8,28.3,83.0,8888.0,9.1,4.0,260.0,2.0,W ,0.0391190188838329
2020-05-26,25.0,32.1,27.8,82.0,0.0,8.0,5.0,260.0,2.0,SW,0.1584409722222221
2020-05-27,25.0,29.5,26.8,89.0,9.1,8.8,3.0,240.0,1.0,E ,0.2463381707668536
2020-05-29,24.2,30.4,26.8,88.0,6.7,3.2,4.0,250.0,2.0,E ,0.2547416666666666
2020-06-03,25.5,32.0,28.7,80.0,1.8,10.6,5.0,120.0,4.0,SE,0.1982631944444449
2020-06-04,24.8,30.3,27.2,88.0,3.5,10.2,8.0,80.0,6.0,SE,0.1733569444444448
2020-06-05,25.2,27.5,27.7,81.0,5.0,8.0,130.0,5.0,3.1337480559875583,,0.1213243055555559
2020-06-06,25.1,30.1,28.2,86.0,9.5,3.9,5.0,110.0,3.0,SE,0.1106375000000004
2020-06-07,24.8,30.3,27.1,83.0,9.3,5.0,130.0,3.0,3.1337480559875583,,0.0798076388888893
2020-06-08,26.4,30.0,27.4,72.0,0.0,8.0,4.0,120.0,2.0,SE,0.0558520833333337
2020-06-09,22.6,30.2,26.0,76.0,0.0,10.5,4.0,110.0,2.0,E ,0.0451726331382448
2020-06-10,22.8,29.9,25.8,82.0,0.0,10.6,4.0,120.0,2.0,E ,0.0269881944444448
2020-06-11,22.8,31.2,26.3,77.0,10.6,4.0,90.0,2.0,3.1337480559875583,,0.0642638888888893
2020-06-12,22.6,30.3,27.7,81.0,4.0,110.0,3.0,,3.1337480559875583,,0.0782201388888893
2020-06-13,25.2,27.1,27.7,81.0,10.7,6.0,100.0,4.0,3.1337480559875583,,0.0636977578951267
2020-06-14,25.2,30.5,28.4,86.0,1.7,7.0,7.0,100.0,4.0,SE,0.0292275022351203
2020-06-15,26.8,30.6,28.6,83.0,7.6,7.5,6.0,120.0,4.0,E ,-0.0081558209790829
2020-06-16,25.4,30.4,27.3,80.0,8888.0,8.8,6.0,110.0,4.0,E ,-0.0233659722222217
2020-06-17,26.4,30.4,28.1,85.0,0.0,9.1,7.0,110.0,5.0,SE,-0.0524001475087762
2020-06-18,26.6,30.2,28.4,80.0,3.7,7.8,7.0,110.0,6.0,SE,-0.0767356119198495
2020-06-19,27.2,30.2,28.3,74.0,0.0,9.6,7.0,130.0,5.0,SE,-0.1634143575644488
2020-06-20,26.0,30.0,27.9,84.0,0.1,8.8,6.0,120.0,4.0,SE,-0.1700999999999995
2020-06-21,27.0,30.0,28.0,79.0,8888.0,7.2,7.0,130.0,4.0,SE,-0.1696749999999996
2020-06-22,25.2,27.5,27.7,81.0,7.5,5.0,120.0,4.0,3.1337480559875583,,-0.2167749999999995
2020-06-23,26.2,29.8,27.6,80.0,9.6,5.0,120.0,4.0,3.1337480559875583,,-0.2027479166666662
2020-06-24,26.0,29.1,27.3,80.0,0.0,10.3,6.0,110.0,4.0,E ,-0.1937098279477241
2020-06-25,24.6,29.0,26.9,77.0,0.0,9.9,8.0,120.0,4.0,SE,-0.1736631380522537
2020-06-26,21.5,29.8,27.1,80.0,0.0,9.6,5.0,110.0,2.0,E ,-0.1348333333333329
2020-06-27,22.4,29.6,25.4,82.0,10.7,5.0,100.0,3.0,3.1337480559875583,,-0.119156944444444
2020-06-28,23.7,29.7,26.8,85.0,0.3,10.3,5.0,120.0,4.0,E ,-0.1089076388888884
2020-06-29,25.8,29.2,26.9,84.0,8888.0,6.6,5.0,110.0,4.0,SE,-0.0745847222222218
2020-06-30,25.9,29.3,27.3,77.0,1.0,7.3,6.0,120.0,4.0,SE,-0.0719624999999995
2020-07-01,26.4,29.6,27.3,78.0,0.0,9.0,6.0,130.0,4.0,SE,0.0739493055555559
2020-07-02,26.2,29.4,27.2,76.0,0.0,9.0,5.0,110.0,3.0,SE,0.0337197258632205
2020-07-03,23.9,29.2,26.0,80.0,0.0,9.7,6.0,120.0,5.0,SE,0.0228715277777781
2020-07-04,26.2,29.5,27.3,79.0,0.0,9.4,6.0,120.0,4.0,SE,0.0348708333333336
2020-07-05,25.0,30.0,26.6,88.0,0.5,9.8,13.0,120.0,5.0,SE,0.0157437500000003
2020-07-06,25.1,29.4,27.4,82.0,0.0,4.9,10.0,120.0,5.0,SE,0.03272878509667
2020-07-08,26.0,29.3,27.1,80.0,0.0,7.0,130.0,5.0,3.1337480559875583,,0.1111298611111114
2020-07-09,26.0,29.3,27.0,80.0,8888.0,6.0,7.0,110.0,4.0,SE,0.111891666666667
2020-07-10,27.2,30.6,27.7,81.0,6.0,110.0,4.0,,3.1337480559875583,,0.1122944444444447
2020-07-11,26.0,29.5,27.1,78.0,0.0,9.4,7.0,120.0,5.0,SE,0.0879201388888892
2020-07-12,26.0,29.4,27.0,78.0,0.0,5.8,5.0,120.0,4.0,E ,0.0691368055555559
2020-07-13,25.2,29.6,27.0,81.0,10.3,5.0,130.0,4.0,3.1337480559875583,,0.0501590277777781
2020-07-14,25.0,29.2,27.3,82.0,8888.0,8.5,6.0,120.0,5.0,SE,0.0544722222222225
2020-07-15,26.4,27.0,27.7,81.0,9.1,8.0,110.0,6.0,3.1337480559875583,,0.0396145833333336
2020-07-16,25.8,29.2,26.8,73.0,0.0,10.0,9.0,120.0,4.0,SE,0.005141666666667
2020-07-17,25.2,25.9,27.7,81.0,6.0,120.0,4.0,,3.1337480559875583,,-0.0116958333333329
2020-07-18,25.3,29.7,27.1,79.0,0.0,10.5,5.0,120.0,4.0,SE,0.0166122244499393
2020-07-19,27.3,30.6,27.7,81.0,140.0,4.0,,,3.1337480559875583,,-0.0090909722222218
2020-07-20,26.0,30.2,27.0,84.0,5.7,3.0,5.0,120.0,4.0,SE,-0.0049109361576853
2020-07-21,25.2,26.8,27.7,81.0,8.7,8.0,110.0,5.0,3.1337480559875583,,-0.0021284722222218
2020-07-22,25.6,29.2,26.9,79.0,0.0,2.0,5.0,110.0,4.0,SE,0.0199569444444447
2020-07-23,25.8,28.6,26.7,79.0,0.0,10.6,8.0,110.0,5.0,SE,0.0305625000000003
2020-07-25,24.8,28.7,26.1,69.0,0.0,10.5,7.0,110.0,4.0,SE,0.0153048611111114
2020-07-26,24.8,28.9,26.0,71.0,0.0,10.5,5.0,130.0,4.0,SE,-0.0762451388888885
2020-07-28,25.8,28.9,26.6,81.0,0.0,10.0,6.0,130.0,4.0,SE,-0.1059541666666663
2020-07-29,24.0,28.6,26.7,64.0,9.5,7.0,120.0,4.0,3.1337480559875583,,-0.1613736111111107
2020-07-30,24.2,28.6,27.3,80.0,0.0,10.2,6.0,130.0,4.0,SE,-0.2044159722222218
2020-07-31,25.0,29.8,26.3,75.0,8888.0,9.1,7.0,120.0,4.0,SE,-0.2256798352872046
2020-08-01,23.5,28.6,26.2,72.0,0.3,10.5,6.0,130.0,4.0,SE,-0.2209590277777781
2020-08-02,21.3,28.8,24.2,78.0,0.0,9.3,5.0,120.0,2.0,SE,-0.2049687500000003
2020-08-03,21.4,29.2,24.8,82.0,0.0,10.2,4.0,120.0,3.0,SE,-0.1890000000000003
2020-08-04,22.4,28.0,25.8,78.0,6.5,8.0,100.0,4.0,3.1337480559875583,,-0.1465284722222225
2020-08-05,24.9,28.5,25.8,82.0,0.0,4.7,6.0,120.0,4.0,SE,-0.1560006944444447
2020-08-06,24.1,28.5,25.7,77.0,8888.0,4.8,5.0,120.0,4.0,E ,-0.1210694444444447
2020-08-08,24.8,28.4,25.8,83.0,0.0,7.9,7.0,110.0,4.0,SE,-0.1004555555555558
2020-08-09,23.2,29.2,25.7,84.0,0.0,9.8,5.0,120.0,3.0,SE,-0.1271930555555558
2020-08-10,23.3,30.4,26.0,88.0,10.2,5.0,110.0,2.0,3.1337480559875583,,-0.1094520833333336
2020-08-11,23.5,30.1,27.2,84.0,0.0,9.0,5.0,140.0,3.0,SE,-0.0692770833333336
2020-08-12,25.4,30.4,27.0,86.0,7.7,5.0,130.0,4.0,3.1337480559875583,,-0.0175145833333336
2020-08-13,25.5,30.1,27.2,83.0,0.0,7.6,5.0,110.0,4.0,E ,-0.0135381944444447
2020-08-14,25.2,27.5,27.7,81.0,6.5,5.0,90.0,4.0,3.1337480559875583,,0.0248548611111107
2020-08-15,25.6,30.0,27.4,82.0,0.0,9.4,7.0,140.0,4.0,SE,0.0033903949804208
2020-08-16,25.8,29.8,27.0,79.0,0.0,10.1,7.0,130.0,4.0,SE,-0.0401494944019529
2020-08-17,25.8,29.5,27.0,82.0,0.0,10.5,6.0,140.0,4.0,SE,-0.0572520833333336
2020-08-18,25.8,29.8,26.8,83.0,0.0,10.4,7.0,130.0,4.0,SE,-0.0793888888888892
2020-08-19,25.0,29.2,26.9,75.0,9.1,6.0,140.0,5.0,3.1337480559875583,,-0.0924013888888892
2020-08-20,25.3,29.2,26.7,79.0,0.0,10.3,6.0,130.0,4.0,SE,-0.0666145833333336
2020-08-21,25.4,29.5,26.9,80.0,0.0,9.5,6.0,120.0,4.0,SE,-0.0680617751037072
2020-08-22,23.0,29.4,25.5,84.0,0.0,10.8,6.0,120.0,4.0,SE,-0.0716006944444447
2020-08-23,23.0,29.5,26.9,80.0,0.0,10.9,6.0,130.0,3.0,SE,0.0091097222222218
2020-08-24,25.2,26.8,27.7,81.0,10.9,6.0,130.0,3.0,3.1337480559875583,,-0.0115854166666669
2020-08-25,25.6,29.8,27.0,80.0,9.5,6.0,130.0,4.0,3.1337480559875583,,-0.0049243055555558
2020-08-26,25.8,29.4,26.9,78.0,0.0,10.4,6.0,130.0,5.0,SE,-0.0507812500000003
2020-08-27,25.6,29.7,26.9,79.0,10.1,6.0,130.0,4.0,3.1337480559875583,,-0.0740111111111114
2020-08-28,25.6,30.1,27.3,79.0,0.0,10.0,6.0,120.0,5.0,SE,-0.0386416666666669
2020-08-29,26.2,29.6,27.3,75.0,8888.0,10.7,7.0,110.0,5.0,SE,-0.0437437500000003
2020-08-30,25.5,29.5,27.0,76.0,0.0,10.1,6.0,140.0,5.0,SE,-0.0527746804678009
2020-08-31,25.2,27.3,27.7,81.0,7.0,130.0,4.0,,3.1337480559875583,,-0.0817410056963493
2020-09-01,25.6,30.2,27.4,79.0,0.0,8.7,5.0,120.0,3.0,SE,-0.0393041666666665
2020-09-02,25.6,30.5,27.6,82.0,8888.0,9.5,6.0,130.0,4.0,SE,-0.0522631944444443
2020-09-03,25.6,30.6,27.7,82.0,0.0,7.3,7.0,130.0,4.0,SE,-0.0107770833333331
2020-09-04,25.3,30.2,27.3,80.0,0.0,9.5,5.0,120.0,4.0,SE,-0.0242071196475048
2020-09-05,25.6,30.6,27.3,77.0,0.0,10.4,5.0,140.0,2.0,SE,-0.0095420156095249
2020-09-06,25.3,30.6,27.5,79.0,8888.0,9.1,4.0,120.0,3.0,SE,-0.0043324845750188
2020-09-07,25.5,30.3,27.3,80.0,0.0,8.9,6.0,120.0,4.0,SE,-0.0378381944444443
2020-09-08,25.8,31.0,27.4,78.0,0.0,10.1,5.0,130.0,4.0,SE,-0.0202645833333331
2020-09-09,26.2,30.2,27.3,78.0,0.0,10.1,5.0,120.0,4.0,SE,-0.0166187499999998
2020-09-10,25.6,30.2,27.5,76.0,0.0,9.1,6.0,130.0,4.0,SE,-0.0343090277777776
2020-09-11,26.1,30.4,27.6,76.0,0.0,10.9,5.0,120.0,4.0,SE,-0.0092629411773106
2020-09-12,26.0,30.7,27.6,76.0,0.0,11.0,5.0,100.0,4.0,SE,-0.0636208333333331
2020-09-13,26.3,30.5,27.6,73.0,0.0,10.3,5.0,120.0,3.0,SE,-0.0815930555555554
2020-09-14,24.9,31.0,27.1,70.0,0.0,10.9,5.0,130.0,3.0,SE,-0.0901796003283194
2020-09-15,23.0,31.0,27.2,72.0,0.0,10.0,4.0,110.0,2.0,SE,-0.1050868055555554
2020-09-16,23.0,29.5,26.5,81.0,11.0,11.2,5.0,120.0,3.0,SE,-0.0245194444444443
2020-09-17,23.4,30.4,27.3,79.0,0.5,3.8,5.0,130.0,3.0,SE,0.0323097222222223
2020-09-18,23.8,29.9,27.2,82.0,0.0,8.2,6.0,120.0,3.0,SE,0.0725430555555557
2020-09-19,24.4,30.5,27.5,83.0,0.0,11.0,6.0,120.0,3.0,SE,0.0616563266137923
2020-09-20,25.2,30.4,27.3,83.0,0.0,10.5,5.0,130.0,3.0,E ,0.1133229166666668
2020-09-21,24.8,30.9,27.1,85.0,0.0,10.5,5.0,100.0,3.0,SE,0.0521696849322067
2020-09-22,23.8,30.2,26.6,86.0,45.8,8.3,5.0,130.0,2.0,SE,0.0704871310463502
2020-09-23,24.6,30.3,27.2,82.0,8888.0,6.5,4.0,120.0,2.0,SE,0.0445820721455481
2020-09-24,25.0,30.6,27.5,83.0,0.0,10.8,5.0,270.0,2.0,W ,0.0285604166666668
2020-09-25,25.4,31.2,28.0,81.0,0.8,8.9,4.0,150.0,2.0,S ,0.0007654175228832
2020-09-26,25.5,30.7,27.6,79.0,0.0,9.8,5.0,140.0,2.0,SE,-0.0060562499999998
2020-09-27,25.0,30.5,28.0,75.0,8888.0,8.1,4.0,110.0,2.0,SE,-0.0261983517853068
2020-09-28,25.4,31.0,28.3,76.0,0.0,10.0,6.0,140.0,3.0,SE,-0.0158874885296674
2020-09-29,26.2,30.6,28.2,77.0,0.0,9.7,5.0,140.0,3.0,SE,-0.012790972222222
2020-09-30,25.7,30.6,28.2,80.0,0.7,9.5,7.0,120.0,4.0,SE,-0.0184506944444443
2020-10-01,25.2,28.4,27.7,81.0,9.4,6.0,140.0,4.0,3.1337480559875583,,-0.081754861111111
2020-10-02,25.8,31.0,28.3,76.0,0.0,5.0,140.0,4.0,3.1337480559875583,,-0.0823291666666665
2020-10-03,26.6,31.2,28.3,80.0,0.0,10.5,5.0,120.0,3.0,SE,-0.0967097222222221
2020-10-04,25.2,27.8,26.1,86.0,0.2,10.0,5.0,150.0,2.0,S ,-0.030665319883642
2020-10-05,24.4,27.2,27.7,81.0,2.0,5.0,140.0,3.0,3.1337480559875583,,-0.1552954890041848
2020-10-06,25.2,27.3,27.7,81.0,4.0,6.0,150.0,4.0,3.1337480559875583,,-0.1578930555555555
2020-10-07,23.8,29.6,26.6,75.0,0.0,9.7,5.0,140.0,4.0,SE,-0.150329861111111
2020-10-09,24.9,30.4,27.0,83.0,0.0,2.9,5.0,160.0,4.0,SE,-0.1871708333333332
2020-10-10,25.2,29.7,26.8,88.0,13.7,5.1,5.0,130.0,3.0,SE,-0.1291993055555555
2020-10-11,24.6,30.4,27.6,82.0,17.8,2.7,6.0,130.0,4.0,SE,-0.1786782234914615
2020-10-12,25.3,30.3,28.4,82.0,8888.0,11.0,5.0,120.0,4.0,SE,-0.1452499999999999
2020-10-13,25.2,30.9,28.2,79.0,2.4,11.2,7.0,140.0,4.0,SE,-0.1245618055555555
2020-10-14,26.7,31.0,28.6,77.0,0.0,10.7,5.0,130.0,3.0,SE,-0.1743041666666666
2020-10-15,26.7,30.9,28.8,76.0,0.0,10.7,5.0,120.0,2.0,SE,-0.1497555555555554
2020-10-16,25.6,31.0,27.8,75.0,11.0,6.0,190.0,2.0,3.1337480559875583,,-0.1232013888888888
2020-10-17,24.2,30.2,27.4,77.0,0.0,10.9,6.0,310.0,2.0,S ,-0.0980277777777777
2020-10-18,25.1,30.5,27.4,76.0,8888.0,8.7,5.0,110.0,3.0,SE,-0.0981112826943309
2020-10-19,26.0,29.5,27.1,82.0,5.8,6.0,140.0,4.0,3.1337480559875583,,-0.0418479166666665
2020-10-20,25.3,30.4,27.6,82.0,0.0,5.6,5.0,110.0,3.0,SE,-0.0465229166666665
2020-10-21,25.0,31.5,27.5,80.0,0.0,10.4,6.0,130.0,3.0,SE,-0.0716311433215086
2020-10-22,25.4,31.0,27.9,80.0,0.0,8.4,5.0,130.0,3.0,SE,-0.044692361111111
2020-10-23,24.7,27.6,27.7,81.0,11.5,5.0,130.0,2.0,3.1337480559875583,,0.0107756944444445
2020-10-24,23.9,31.6,27.7,80.0,0.0,8.6,5.0,140.0,3.0,SE,0.0346305555555556
2020-10-25,25.2,32.0,28.1,80.0,8888.0,11.0,5.0,130.0,2.0,SE,0.0680446566612439
2020-10-26,25.8,31.8,28.1,83.0,0.0,8.7,5.0,140.0,2.0,SE,0.0633694444444445
2020-10-27,25.2,28.1,27.7,81.0,5.0,230.0,2.0,,3.1337480559875583,,0.0657506944444445
2020-10-28,24.1,26.7,27.7,81.0,7.7,5.0,140.0,2.0,3.1337480559875583,,0.0884965277777778
2020-10-29,23.2,31.2,27.7,87.0,5.3,1.3,6.0,130.0,3.0,SE,0.0962756944444445
2020-10-30,24.8,31.4,28.2,82.0,0.5,5.8,5.0,140.0,4.0,SE,0.1313076388888889
2020-11-01,24.5,30.7,27.6,79.0,8888.0,4.0,4.0,110.0,3.0,SE,-0.031221677187458
2020-11-02,25.6,31.9,28.4,82.0,0.0,6.2,6.0,100.0,3.0,E ,0.0222284722222219
2020-11-03,22.9,31.8,27.9,78.0,0.0,7.1,6.0,130.0,3.0,SE,0.0456499999999997
2020-11-04,25.8,32.2,28.0,82.0,0.0,10.4,5.0,140.0,3.0,SE,0.0806249999999997
2020-11-05,25.8,32.2,28.6,77.0,0.0,9.1,5.0,130.0,3.0,SE,0.0713638888888886
2020-11-06,24.5,32.0,28.6,78.0,0.0,10.9,4.0,110.0,2.0,SE,0.0019597222222219
2020-11-07,25.2,32.2,29.0,74.0,0.0,11.8,4.0,110.0,2.0,SE,0.0353878830083562
2020-11-08,24.9,32.6,28.4,74.0,0.0,10.8,4.0,260.0,2.0,S ,0.0732006944444441
2020-11-09,25.3,32.4,28.9,73.0,0.0,4.0,140.0,2.0,3.1337480559875583,,0.059908333333333
2020-11-10,25.5,32.7,28.9,71.0,10.0,5.0,130.0,3.0,3.1337480559875583,,0.0308839471855452
2020-11-11,25.2,27.8,27.7,81.0,5.0,130.0,3.0,,3.1337480559875583,,0.056358333333333
2020-11-12,25.8,33.4,29.8,76.0,8888.0,3.8,5.0,230.0,3.0,SE,0.0383535564853553
2020-11-13,27.2,32.2,29.5,80.0,8888.0,11.7,6.0,130.0,3.0,SE,0.019545833333333
2020-11-14,26.8,32.6,29.3,75.0,8888.0,8.7,6.0,120.0,3.0,SE,-0.0440145833333336
2020-11-15,26.4,32.4,28.8,80.0,4.1,9.8,5.0,150.0,3.0,SE,-0.0753416666666669
2020-11-16,25.2,28.9,27.7,81.0,5.0,130.0,2.0,,3.1337480559875583,,-0.1046729166666669
2020-11-17,25.2,29.5,27.7,81.0,8.0,40.0,2.0,,3.1337480559875583,,-0.0857097222222225
2020-11-18,24.1,32.6,28.6,83.0,2.5,11.0,5.0,130.0,3.0,SE,-0.0937173611111113
2020-11-19,25.2,29.2,27.7,81.0,5.0,120.0,2.0,,3.1337480559875583,,-0.1127819444444447
2020-11-20,26.6,32.4,28.9,82.0,0.0,11.7,5.0,110.0,2.0,E ,-0.0825333333333336
2020-11-21,24.5,31.6,28.3,84.0,8.1,8.1,5.0,130.0,3.0,SE,-0.0975638888888891
2020-11-22,25.2,28.5,27.7,81.0,11.4,5.0,120.0,2.0,3.1337480559875583,,-0.0945680555555558
2020-11-23,25.2,28.1,27.7,81.0,4.0,4.0,90.0,2.0,3.1337480559875583,,-0.1061479166666669
2020-11-24,26.2,31.6,27.8,82.0,0.0,4.6,5.0,270.0,3.0,W ,-0.1102409722222225
2020-11-25,25.2,30.6,26.8,85.0,4.1,4.5,6.0,260.0,3.0,W ,-0.1008708333333336
2020-11-26,25.2,28.2,27.7,81.0,5.2,6.0,250.0,3.0,3.1337480559875583,,-0.0938986111111114
2020-11-27,24.6,31.2,27.7,82.0,18.9,5.1,7.0,270.0,3.0,W ,-0.097613668061367
2020-11-28,26.0,30.8,28.0,85.0,0.0,5.7,3.0,240.0,2.0,W ,-0.1381236111111113
2020-11-29,25.9,31.0,28.4,82.0,2.1,4.9,6.0,290.0,3.0,W ,-0.075215277777778
2020-11-30,24.8,29.4,26.3,88.0,3.6,9.4,6.0,270.0,3.0,W ,-0.0211576388888891
2020-12-01,23.5,27.9,25.8,88.0,52.1,1.5,3.0,280.0,2.0,N ,-0.0510145833333332
2020-12-02,24.7,31.0,27.3,81.0,0.6,0.0,3.0,70.0,1.0,E ,-0.0369388888888888
2020-12-03,25.7,31.4,28.8,81.0,8888.0,2.4,5.0,260.0,3.0,W ,0.0163888888888889
2020-12-04,25.6,30.3,27.8,81.0,0.4,9.8,6.0,290.0,4.0,W ,0.0330055555555556
2020-12-05,24.2,30.4,27.7,85.0,15.8,4.6,6.0,260.0,3.0,W ,0.0437486111111111
2020-12-06,24.3,31.6,28.2,81.0,3.6,3.7,3.0,240.0,2.0,E ,0.0558229166666667
2020-12-07,26.5,33.3,29.5,76.0,0.0,3.2,9.0,320.0,5.0,NW,0.0463506944444445
2020-12-08,26.0,31.5,29.0,76.0,0.0,6.2,7.0,300.0,3.0,NW,0.0652048611111111
2020-12-09,26.8,31.8,27.7,81.0,9.0,300.0,5.0,,3.1337480559875583,,0.1112923611111111
2020-12-10,27.5,31.9,29.5,76.0,8888.0,2.4,7.0,300.0,3.0,W ,0.1010244252873563
2020-12-11,27.1,31.3,28.2,81.0,0.0,8.3,7.0,250.0,4.0,W ,0.1335041666666667
2020-12-12,25.3,30.0,27.0,86.0,25.7,1.8,4.0,300.0,2.0,NW,0.0481256944444445
2020-12-13,24.5,30.5,27.2,85.0,8.3,1.0,8.0,230.0,3.0,W ,0.0182777777777778
2020-12-16,24.6,27.4,25.5,91.0,13.2,3.7,5.0,300.0,3.0,NW,-0.1781977777777777
2020-12-17,24.2,30.3,27.6,81.0,24.5,0.0,13.0,270.0,5.0,W ,0.0233495575221239
2020-12-18,22.5,30.2,26.9,88.0,25.1,9.0,5.0,300.0,4.0,W ,0.1142121212121212
2020-12-19,25.0,30.1,27.9,79.0,1.0,7.2,9.0,310.0,5.0,W ,0.024108843537415
2020-12-21,25.2,28.5,27.7,81.0,3.8,8.0,270.0,6.0,3.1337480559875583,,0.0642360178970918
2020-12-22,26.8,30.7,28.8,74.0,8888.0,10.9,7.0,270.0,5.0,W ,0.0897100456621005
2020-12-23,27.0,30.6,28.7,76.0,2.1,3.7,6.0,270.0,4.0,W ,0.034231182795699
2020-12-24,25.1,30.8,27.3,82.0,9.8,9.8,5.0,270.0,2.0,W ,0.0428911368015414
2020-12-25,24.6,31.6,28.3,74.0,8888.0,10.4,5.0,260.0,2.0,NW,0.0196435555555556
2020-12-26,25.5,31.2,28.4,78.0,0.0,9.2,6.0,230.0,2.0,W ,0.0666449652777778
2020-12-27,25.0,31.2,28.1,79.0,0.0,11.5,5.0,260.0,2.0,W ,-0.0072173215717721
2020-12-28,24.0,30.4,27.1,86.0,80.7,10.1,5.0,320.0,3.0,W ,0.1866666666666667
2020-12-29,24.0,30.6,27.9,80.0,3.9,4.6,6.0,270.0,3.0,W ,0.1722354497354498
2020-12-30,25.0,29.7,27.6,85.0,23.5,8.7,5.0,260.0,3.0,W ,0.100485254691689
2020-12-31,25.2,28.0,27.7,81.0,0.0,5.0,260.0,2.0,3.1337480559875583,,0.1570839865621501
2022-01-03,24.1,30.1,27.8,81.0,16.7,2.4,5.0,290.0,3.0,,0.0793410400211748
2022-01-04,24.6,30.1,26.7,84.0,9.5,2.0,6.0,260.0,3.0,,0.0013572511763811
2022-01-05,24.5,28.8,26.7,80.0,6.7,2.2,6.0,260.0,2.0,,-0.0245683653863438
2022-01-06,24.7,30.4,27.4,78.0,2.1,0.3,7.0,240.0,3.0,,-0.115037552155772
2022-01-07,25.0,30.3,27.5,74.0,0.0,3.0,6.0,330.0,3.0,,-0.1406469669594639
2022-01-08,23.2,30.0,26.5,83.0,33.5,6.0,260.0,3.0,3.1337480559875583,,0.031269949421589
2022-01-09,24.2,31.2,27.7,80.0,8888.0,5.2,8.0,220.0,4.0,,-0.0816557331910885
2022-01-10,23.6,31.2,27.1,83.0,35.0,9.8,4.0,260.0,2.0,,-0.0741723805559006
2022-01-11,24.5,29.9,26.8,90.0,12.8,10.8,5.0,300.0,2.0,,0.0435367279450789
2022-01-12,25.1,29.8,26.8,86.0,5.5,2.4,5.0,260.0,2.0,,-0.1201482132576406
2022-01-13,24.4,31.2,27.2,84.0,3.1,2.4,7.0,300.0,5.0,,0.0273514352504307
2022-01-14,24.6,31.0,29.2,78.0,8888.0,9.0,9.0,270.0,6.0,,0.0884346752558662
2022-01-15,25.3,30.3,28.3,84.0,7.5,7.6,8.0,310.0,6.0,,-0.1129979263017706
2022-01-16,24.1,31.8,27.7,78.0,25.8,0.0,7.0,280.0,3.0,,0.1275888888888887
2022-01-17,25.4,31.2,27.6,82.0,0.1,9.8,10.0,310.0,3.0,,0.1381730769230768
2022-01-18,24.1,29.6,25.8,91.0,91.8,3.2,5.0,290.0,3.0,,-0.1872727272727273
2022-01-19,23.2,30.6,27.9,82.0,9.2,0.6,5.0,240.0,4.0,,-0.0728640167364017
2022-01-20,24.8,29.5,26.2,86.0,4.8,8.9,8.0,300.0,4.0,,0.0670493527508089
2022-01-21,24.1,30.3,28.0,79.0,32.1,1.5,6.0,280.0,5.0,,0.0589887820512819
2022-01-22,26.2,31.2,28.6,78.0,0.0,2.0,7.0,290.0,5.0,,-0.0537381944444445
2022-01-25,27.2,32.4,29.6,71.0,0.0,10.7,9.0,260.0,6.0,,0.1056694274894892
2022-01-26,23.4,32.2,29.5,78.0,0.0,11.6,9.0,260.0,6.0,,-0.0112421328850474
2022-01-27,24.6,30.0,27.8,88.0,24.3,9.3,8.0,260.0,5.0,,-0.0170917044292013
2022-01-28,25.0,31.0,26.9,81.0,14.3,8.7,6.0,300.0,3.0,,-0.0552460314093146
2022-01-29,25.8,31.0,28.6,79.0,3.8,1.2,6.0,260.0,3.0,,-0.0735369308977835
2022-01-30,25.2,31.2,28.2,79.0,0.4,7.1,6.0,200.0,3.0,,-0.0992263888888889
2022-01-31,23.5,31.0,27.6,86.0,20.4,7.8,7.0,270.0,4.0,,-0.0429635354151168
2022-02-01,26.5,31.8,28.5,77.0,0.0,9.2,6.0,300.0,4.0,,-0.0615808233029176
2022-02-02,24.0,31.9,28.3,78.0,11.5,9.0,6.0,320.0,2.0,,-0.031670843005758
2022-02-03,25.4,31.5,27.8,80.0,1.0,11.9,6.0,270.0,4.0,,0.2048662648778241
2022-02-04,25.0,30.6,27.5,83.0,5.4,10.5,10.0,280.0,5.0,,-0.1388220607640556
2022-02-05,23.4,30.9,28.1,80.0,19.2,1.8,8.0,280.0,6.0,,-0.0346880859296316
2022-02-06,26.7,31.3,27.8,82.0,0.4,8.4,10.0,300.0,3.0,,0.0469653049812181
2022-02-07,25.2,32.2,28.0,81.0,13.5,8.3,8.0,310.0,3.0,,-0.0606496243911701
2022-02-08,25.6,33.0,28.8,78.0,0.0,9.0,5.0,220.0,2.0,,-0.0755224829286944
2022-02-09,25.0,30.7,27.6,86.0,4.5,8.6,10.0,280.0,3.0,,-0.0162165548963908
2022-02-10,24.4,30.0,26.6,86.0,4.4,4.8,10.0,280.0,4.0,,0.0773444186599139
2022-02-11,25.4,29.6,27.4,79.0,8888.0,1.1,6.0,250.0,2.0,,0.1768078186514408
2022-02-12,24.3,30.4,26.7,86.0,9.3,0.3,5.0,90.0,3.0,,0.1602971692934569
2022-02-13,25.6,31.0,27.6,83.0,8888.0,0.2,6.0,320.0,2.0,,0.1877331408509911
2022-02-14,25.6,30.1,26.7,88.0,1.6,3.7,4.0,310.0,2.0,,0.1775216523743153
2022-02-15,25.0,31.6,28.1,84.0,13.8,2.3,6.0,130.0,3.0,,0.1676534065645931
2022-02-16,25.3,31.0,27.4,84.0,8888.0,10.9,5.0,90.0,2.0,,0.0047217934603089
2022-02-17,25.2,31.6,28.0,79.0,0.0,8.8,6.0,100.0,3.0,,-0.0361233252752616
2022-02-18,25.4,31.6,28.1,82.0,3.4,9.1,5.0,280.0,2.0,,-0.0459380341880345
2022-02-19,25.2,31.9,27.9,78.0,8888.0,8.1,6.0,320.0,2.0,,-0.0516309012875539
2022-02-20,25.5,31.2,28.0,83.0,3.8,10.3,9.0,270.0,5.0,,-0.0836047819971873
2022-02-21,23.9,28.8,24.4,92.0,35.8,11.2,9.0,290.0,4.0,,0.1179173693086
2022-02-22,22.8,30.5,26.3,86.0,38.8,0.0,8.0,270.0,5.0,,-0.0832260321903432
2022-02-23,21.8,29.0,25.5,84.0,58.9,2.2,6.0,280.0,3.0,,-0.0816177571008271
2022-02-24,23.7,30.5,27.2,82.0,7.0,1.1,10.0,250.0,6.0,,-0.1142656903765693
2022-02-25,24.8,30.8,27.6,78.0,0.0,8.6,6.0,300.0,4.0,,-0.0882679313168549
2022-02-26,24.0,28.0,27.7,81.0,5.5,6.0,250.0,3.0,3.1337480559875583,,-0.0644125000000003
2022-02-27,26.0,31.4,28.3,80.0,1.6,1.4,5.0,280.0,2.0,,-0.0543977591036417
2022-02-28,25.9,32.8,28.8,76.0,0.0,7.8,5.0,320.0,2.0,,-0.0190727080304014
2022-03-01,25.8,32.8,28.8,78.0,0.0,9.2,7.0,300.0,3.0,,-0.0536468428781205
2022-03-02,25.6,32.0,28.3,83.0,1.6,5.5,4.0,110.0,2.0,,0.0060029368575622
2022-03-03,25.6,28.2,27.7,81.0,7.5,10.0,320.0,4.0,3.1337480559875583,,0.0203108298171588
2022-03-04,25.0,32.2,28.0,84.0,40.0,8.7,7.0,260.0,4.0,,-0.0153590277777778
2022-03-05,25.6,31.0,27.7,87.0,6.9,6.7,7.0,250.0,4.0,,-0.0120599721059973
2022-03-06,24.2,30.4,26.9,87.0,93.3,8.4,7.0,270.0,3.0,,-0.0571972222222223
2022-03-07,25.4,31.2,28.1,86.0,1.9,5.2,6.0,270.0,3.0,,-0.0813026499302651
2022-03-08,25.6,31.3,28.2,84.0,1.0,9.3,5.0,260.0,2.0,,-0.1369573999793989
2022-03-09,24.5,31.6,28.4,82.0,0.0,4.5,4.0,300.0,2.0,,-0.1028305555555556
2022-03-10,26.2,30.9,27.8,84.0,1.2,6.8,6.0,250.0,2.0,,-0.0823494397759104
2022-03-11,25.1,32.1,27.3,87.0,0.0,6.1,4.0,140.0,2.0,,-0.0810319444444445
2022-03-12,25.2,33.2,28.5,80.0,8888.0,8.2,10.0,210.0,3.0,,-0.0712611111111112
2022-03-13,26.1,31.3,28.4,84.0,8888.0,8.6,6.0,300.0,2.0,,-0.0721331938633195
2022-03-14,25.6,31.6,28.0,83.0,0.6,6.6,5.0,110.0,2.0,,-0.0285868055555556
2022-03-15,25.6,31.8,28.7,82.0,0.0,10.2,5.0,100.0,2.0,,-0.0290305555555556
2022-03-16,26.5,31.9,28.7,82.0,8888.0,10.5,5.0,120.0,3.0,,-0.070863319386332
2022-03-17,26.3,32.0,28.6,85.0,14.2,9.6,7.0,150.0,3.0,,-0.0565569444444445
2022-03-18,26.8,31.4,27.0,87.0,1.2,10.5,3.0,90.0,2.0,,-0.0457215277777778
2022-03-19,23.8,28.6,26.4,88.0,30.5,1.4,5.0,300.0,3.0,,-0.0520756302521009
2022-03-20,23.6,31.2,27.8,81.0,27.0,0.0,5.0,310.0,2.0,,-0.0736875871687588
2022-03-21,25.2,32.2,27.4,84.0,2.3,4.2,4.0,70.0,2.0,,-0.0933311706479739
2022-03-22,25.0,32.4,27.6,84.0,8888.0,5.8,5.0,270.0,2.0,,-0.0718510968763969
2022-03-23,24.7,31.9,27.7,82.0,0.5,8.3,5.0,250.0,2.0,,-0.0345895833333334
2022-03-24,24.7,31.2,28.1,82.0,0.0,10.6,8.0,290.0,3.0,,0.0518277310924368
2022-03-25,23.9,31.8,27.3,84.0,30.3,9.7,5.0,290.0,2.0,,0.0903402777777776
2022-03-26,24.8,31.2,27.8,83.0,0.0,7.8,6.0,240.0,3.0,,0.1214407252440724
2022-03-27,24.8,30.4,27.3,82.0,9.4,10.3,5.0,260.0,3.0,,0.1269346549192363
2022-03-28,24.8,31.5,27.6,82.0,17.1,5.8,4.0,310.0,2.0,,0.1362034722222221
2022-03-29,24.4,30.6,27.3,84.0,0.9,8.4,3.0,90.0,2.0,,0.1275397381617795
2022-03-30,25.3,30.7,27.5,81.0,8888.0,3.3,6.0,110.0,3.0,,0.0844870749660611
2022-03-31,25.4,31.6,28.5,79.0,0.0,5.7,4.0,140.0,2.0,,0.0673657987457135
2022-04-01,26.0,31.0,27.7,82.0,0.2,7.6,5.0,270.0,2.0,,0.103004166666667
2022-04-02,23.6,30.4,26.9,86.0,45.2,2.1,7.0,260.0,3.0,,0.0942756944444448
2022-04-03,25.2,31.9,27.8,84.0,0.0,6.3,4.0,260.0,2.0,,0.1078798439471105
2022-04-04,24.8,31.8,28.0,74.0,0.9,10.3,4.0,100.0,2.0,,0.1070882355555021
2022-04-05,24.8,31.4,27.5,81.0,0.0,10.8,6.0,50.0,2.0,,0.1095576388888892
2022-04-06,24.0,31.3,27.7,81.0,4.0,270.0,2.0,,3.1337480559875583,,0.0885460251046028
2022-04-07,24.1,31.2,27.8,82.0,7.2,4.0,4.0,240.0,2.0,,0.0888509142053449
2022-04-08,24.6,31.4,28.3,84.0,13.2,9.7,7.0,260.0,3.0,,0.0573763888888892
2022-04-09,25.3,31.6,27.6,83.0,0.0,9.7,6.0,250.0,2.0,,0.0641322914995581
2022-04-10,24.2,31.6,27.4,84.0,11.0,8.4,4.0,270.0,2.0,,0.046198047419805
2022-04-11,24.7,31.6,28.0,77.0,0.0,10.0,4.0,90.0,2.0,,-0.0167219512195118
2022-04-12,24.6,32.0,27.8,74.0,0.0,10.7,5.0,120.0,2.0,,0.0018090277777781
2022-04-13,24.8,31.7,28.4,76.0,0.0,9.3,6.0,100.0,2.0,,0.0304289732770748
2022-04-14,25.0,32.1,28.2,76.0,0.0,10.0,6.0,140.0,3.0,,-0.0043661087866105
2022-04-15,25.7,32.4,28.5,80.0,0.0,10.4,5.0,100.0,2.0,,-0.0059546722454668
2022-04-16,25.6,32.0,28.1,83.0,3.7,8.9,4.0,340.0,1.0,,-0.0436465277777774
2022-04-17,25.4,31.6,28.0,81.0,0.0,8.4,4.0,100.0,2.0,,-0.0597930555555552
2022-04-18,25.6,30.9,27.7,81.0,4.0,80.0,2.0,,3.1337480559875583,,-0.0693895833333329
2022-04-19,25.3,28.7,27.1,86.0,0.0,3.0,8.0,100.0,2.0,,-0.0814630404463036
2022-04-20,25.4,29.1,27.7,81.0,3.0,100.0,2.0,,3.1337480559875583,,-0.0905697350069731
2022-04-21,23.9,31.8,28.1,84.0,3.0,0.0,4.0,100.0,2.0,,-0.0814533135544994
2022-04-22,25.5,31.2,27.8,85.0,8888.0,7.8,5.0,120.0,2.0,,-0.0643722222222218
2022-04-23,25.8,31.4,28.3,83.0,0.0,10.5,5.0,130.0,3.0,,-0.0304218967921893
2022-04-24,26.0,31.6,28.9,82.0,0.0,9.0,5.0,110.0,3.0,,-0.0476435574229688
2022-04-25,25.6,31.0,27.9,83.0,0.9,10.6,6.0,110.0,3.0,,-0.0186200564971747
2022-04-26,25.0,31.3,27.7,78.0,8888.0,7.9,5.0,120.0,2.0,,0.0153784722222225
2022-04-27,24.2,31.5,27.1,77.0,0.0,10.8,4.0,100.0,2.0,,0.0197619047619051
2022-04-28,24.6,31.4,28.4,74.0,0.0,9.4,5.0,280.0,2.0,,-0.0184236111111107
2022-04-29,25.6,32.1,28.1,80.0,0.0,6.5,5.0,220.0,2.0,,0.0276046025104606
2022-04-30,25.6,31.6,28.2,83.0,0.0,6.3,5.0,100.0,2.0,,0.0456652661064429
2022-05-01,25.1,31.6,27.7,83.0,0.0,4.6,5.0,140.0,3.0,,0.0058333333333329
2022-05-02,25.2,31.5,28.4,83.0,0.0,8.5,5.0,150.0,3.0,,-0.0392930555555559
2022-05-03,26.4,31.2,28.5,83.0,0.0,10.0,5.0,130.0,3.0,,-0.0531384180790964
2022-05-04,25.0,31.0,28.3,84.0,3.8,9.2,5.0,110.0,3.0,,-0.1033493723849375
2022-05-05,25.7,30.8,28.2,84.0,0.0,8.3,5.0,120.0,3.0,,-0.1169388888888892
2022-05-06,26.2,31.0,28.1,84.0,0.0,8.5,5.0,110.0,3.0,,-0.116395480225989
2022-05-07,26.2,31.6,28.4,84.0,0.0,10.8,5.0,120.0,3.0,,-0.130916666666667
2022-05-08,26.2,32.0,28.1,84.0,0.0,10.9,5.0,110.0,2.0,,-0.130485106382979
2022-05-09,26.1,31.4,28.3,84.0,8888.0,9.1,6.0,120.0,4.0,,-0.104863572433193
2022-05-10,26.2,31.0,29.1,79.0,8888.0,10.2,6.0,110.0,4.0,,-0.0832071129707116
2022-05-11,28.2,31.4,29.3,76.0,0.0,6.0,100.0,3.0,3.1337480559875583,,-0.0161340277777781
2022-05-12,26.6,31.4,28.5,83.0,0.2,7.7,4.0,90.0,2.0,,0.0065937499999996
2022-05-13,24.8,31.4,28.2,88.0,23.6,7.7,5.0,280.0,2.0,,-0.0189118055555559
2022-05-14,25.2,31.7,28.0,80.0,0.0,10.2,4.0,140.0,2.0,,0.0102475592747555
2022-05-15,24.8,31.0,27.4,81.0,0.0,10.5,5.0,120.0,2.0,,0.0209638888888885
2022-05-16,24.8,31.0,27.6,82.0,0.0,11.2,5.0,100.0,2.0,,0.0504567375886521
2022-05-17,25.0,31.4,27.5,83.0,0.0,10.5,4.0,110.0,2.0,,0.0171645746164571
2022-05-18,25.0,31.0,27.9,85.0,0.0,7.5,5.0,100.0,2.0,,0.0481596931659689
2022-05-19,25.8,32.1,28.3,80.0,1.1,7.1,6.0,40.0,2.0,,0.039325694444444
2022-05-20,24.9,31.0,27.8,84.0,36.1,9.8,5.0,110.0,3.0,,0.0968207282913161
2022-05-21,25.4,31.2,28.3,80.0,0.0,8.5,4.0,110.0,2.0,,0.1250404463040443
2022-05-22,24.0,31.2,27.2,78.0,0.0,10.5,5.0,110.0,3.0,,0.1123578431372545
2022-05-23,24.0,31.1,27.2,78.0,0.0,10.7,6.0,120.0,3.0,,0.114789732770745
2022-05-24,24.6,31.8,27.6,78.0,0.0,10.4,5.0,120.0,3.0,,0.070369444444444
2022-05-25,25.0,31.6,28.4,83.0,0.9,7.8,5.0,130.0,2.0,,0.0402222222222218
2022-05-26,25.6,29.6,26.4,90.0,5.8,4.6,8.0,300.0,2.0,,-0.0501173611111114
2022-05-27,23.0,30.2,27.0,84.0,99.4,0.2,5.0,100.0,2.0,,-0.034604166666667
2022-05-28,24.6,30.4,27.3,82.0,10.5,1.0,4.0,100.0,2.0,,-0.0402340277777781
2022-05-29,25.0,31.3,27.9,77.0,0.0,5.5,4.0,110.0,2.0,,-0.0156701534170156
2022-05-30,24.2,32.5,27.7,82.0,0.0,9.1,4.0,270.0,2.0,,-0.0144205020920505
2022-05-31,24.3,31.9,27.7,81.0,5.0,310.0,2.0,,3.1337480559875583,,-0.0102310924369751
2022-06-01,24.6,29.3,27.4,85.0,0.0,10.8,8.0,280.0,3.0,,0.0773113273106327
2022-06-02,24.0,30.7,26.9,80.0,0.2,1.7,5.0,250.0,2.0,,0.1140041841004187
2022-06-03,24.2,30.8,27.8,82.0,1.3,10.7,5.0,270.0,2.0,,0.12733893557423
2022-06-04,24.8,30.6,27.3,82.0,0.0,6.3,5.0,110.0,3.0,,0.1169270833333336
2022-06-05,24.8,31.2,27.5,83.0,4.4,10.0,4.0,100.0,2.0,,0.0910430555555559
2022-06-06,24.4,30.6,27.1,82.0,0.0,7.0,5.0,90.0,2.0,,0.0775103660869587
2022-06-07,24.6,30.8,27.5,82.0,0.0,9.5,6.0,110.0,3.0,,0.0825641562064159
2022-06-08,24.8,32.2,27.7,82.0,0.0,8.5,7.0,100.0,3.0,,0.0732803347280338
2022-06-09,24.8,30.6,27.3,84.0,2.3,10.1,6.0,100.0,3.0,,0.09511974789916
2022-06-10,25.0,31.4,27.7,81.0,4.0,130.0,2.0,,3.1337480559875583,,0.1285562500000003
2022-06-11,25.4,31.3,27.8,82.0,0.0,7.3,5.0,130.0,3.0,,0.0697367688022287
2022-06-12,24.5,31.0,26.9,84.0,3.7,10.2,4.0,120.0,2.0,,0.0140467224546725
2022-06-13,24.9,30.0,27.2,87.0,29.2,5.8,6.0,110.0,4.0,,-0.0533109243697475
2022-06-14,25.4,30.3,27.6,84.0,12.0,0.9,5.0,110.0,3.0,,-0.0805056258790432
2022-06-15,24.5,31.1,27.4,83.0,0.0,8.9,5.0,100.0,3.0,,-0.1065097222222218
2022-06-16,24.9,30.6,27.2,84.0,9.5,11.0,4.0,110.0,2.0,,-0.1057493055555552
2022-06-17,24.8,30.2,27.1,86.0,16.5,8.8,8.0,130.0,4.0,,-0.0987298611111107
2022-06-18,24.8,30.8,28.1,81.0,0.0,8.0,5.0,100.0,3.0,,-0.0653062499999996
2022-06-19,25.7,30.5,28.3,80.0,8888.0,7.7,5.0,110.0,4.0,,-0.0177784722222218
2022-06-20,26.8,30.3,28.4,78.0,0.0,7.4,7.0,120.0,4.0,,0.0429741980474201
2022-06-21,24.4,29.8,26.7,77.0,8888.0,6.2,6.0,150.0,4.0,,-0.0235277777777774
2022-06-22,23.4,30.2,26.4,81.0,0.0,8.2,7.0,100.0,5.0,,-0.0809184100418406
2022-06-23,23.6,30.0,28.3,78.0,8888.0,10.2,8.0,130.0,5.0,,-0.1326701388888885
2022-06-24,26.0,29.8,28.1,76.0,0.0,4.4,7.0,90.0,5.0,,-0.1356881944444441
2022-06-25,27.0,29.8,28.0,76.0,0.0,3.5,8.0,120.0,5.0,,-0.1520631944444441
2022-06-26,26.2,30.0,27.8,79.0,1.0,2.5,7.0,110.0,5.0,,-0.2070076388888885
2022-06-27,25.2,27.6,27.7,81.0,5.8,7.0,130.0,5.0,3.1337480559875583,,-0.2206428571428568
2022-06-28,26.5,29.6,27.6,70.0,0.0,8.7,5.0,110.0,4.0,,-0.2124614845938371
2022-06-29,23.3,29.0,25.6,85.0,20.3,10.5,6.0,110.0,3.0,,-0.2087635983263595
2022-06-30,23.6,29.5,27.7,81.0,8.0,110.0,5.0,,3.1337480559875583,,-0.1866416666666663
2022-07-01,26.2,29.0,27.2,81.0,8888.0,9.0,8.0,110.0,6.0,,-0.0061756944444448
2022-07-02,25.0,29.7,27.5,84.0,4.6,7.2,7.0,130.0,4.0,,0.0183839160839157
2022-07-03,25.2,30.3,27.5,86.0,8888.0,5.0,5.0,120.0,3.0,,0.0529312499999996
2022-07-04,26.0,30.5,28.0,86.0,0.0,8.2,5.0,130.0,4.0,,0.0652743055555551
2022-07-05,26.9,29.4,27.7,85.0,0.0,8.4,8.0,130.0,5.0,,0.0559009762900972
2022-07-06,26.4,29.2,27.2,77.0,0.0,9.3,7.0,110.0,4.0,,0.0706833333333329
2022-07-07,25.8,28.7,26.5,74.0,0.0,9.3,6.0,90.0,4.0,,0.0408611111111107
2022-07-08,22.2,28.9,25.0,73.0,8888.0,6.7,5.0,90.0,3.0,,0.0651099439775906
2022-07-09,22.3,29.0,27.0,74.0,0.0,9.8,5.0,100.0,4.0,,0.0390808926080889
2022-07-10,26.0,29.8,27.6,79.0,0.2,9.1,7.0,110.0,5.0,,0.0375697350069731
2022-07-11,26.6,29.2,27.6,82.0,8888.0,8.5,9.0,110.0,6.0,,0.0154298611111107
2022-07-12,26.6,29.3,27.4,80.0,0.0,3.5,7.0,130.0,5.0,,-0.0128131944444448
2022-07-13,25.8,29.1,26.8,78.0,0.0,7.8,9.0,110.0,5.0,,-0.0507610872675253
2022-07-14,25.6,28.8,26.7,78.0,0.0,6.2,7.0,110.0,5.0,,-0.0226006944444447
2022-07-15,25.8,29.5,26.9,82.0,8888.0,8.4,7.0,120.0,5.0,,0.0158354341736691
2022-07-16,25.6,28.7,26.7,82.0,0.0,9.3,6.0,120.0,4.0,,0.0614909722222218
2022-07-17,25.8,29.1,27.0,80.0,0.0,2.6,6.0,120.0,4.0,,0.0416874999999996
2022-07-18,25.4,28.7,26.6,82.0,0.0,6.8,5.0,120.0,4.0,,0.0261749999999996
2022-07-19,25.4,28.8,26.7,78.0,0.0,6.2,7.0,140.0,4.0,,0.0367394957983189
2022-07-20,23.2,28.6,25.4,80.0,0.0,9.4,6.0,110.0,4.0,,0.0548111111111107
2022-07-21,23.2,29.0,26.6,76.0,0.0,9.2,5.0,120.0,4.0,,0.027343793584379
2022-07-22,25.8,29.0,26.8,76.0,0.0,7.2,5.0,120.0,4.0,,0.0072545327754529
2022-07-23,26.0,29.1,26.9,75.0,8888.0,5.5,6.0,110.0,5.0,,-0.017838686159464
2022-07-24,25.2,28.7,26.6,68.0,0.0,10.0,6.0,110.0,4.0,,-0.0219048611111114
2022-07-25,22.6,28.8,25.1,68.0,0.0,10.5,6.0,110.0,4.0,,-0.056327057182706
2022-07-26,23.0,28.3,25.8,77.0,0.0,8.8,8.0,120.0,4.0,,-0.0518444909344494
2022-07-27,24.2,29.0,26.8,78.0,0.0,4.5,6.0,110.0,4.0,,-0.0715395833333337
2022-07-28,25.2,29.0,26.7,77.0,0.0,9.5,7.0,120.0,4.0,,-0.0840767085076712
2022-07-29,22.6,28.8,25.6,80.0,0.0,9.7,7.0,140.0,4.0,,-0.0927486111111114
2022-07-30,24.0,29.0,26.7,77.0,0.2,9.0,6.0,120.0,3.0,,-0.0817036262203629
2022-07-31,24.8,29.1,26.2,79.0,0.0,7.8,5.0,150.0,4.0,,-0.0456594556873695
2022-08-01,24.8,29.6,26.8,83.0,0.0,9.0,5.0,120.0,3.0,,-0.0102063933287004
2022-08-02,25.0,30.0,27.4,84.0,0.0,8.3,6.0,100.0,3.0,,0.04330625
2022-08-03,25.0,29.9,26.7,84.0,0.0,8.2,5.0,100.0,3.0,,0.0921229166666667
2022-08-04,25.2,29.4,27.0,77.0,0.0,9.7,6.0,120.0,3.0,,0.13238125
2022-08-05,23.4,29.6,25.8,79.0,8888.0,10.6,5.0,110.0,2.0,,0.149395993245838
2022-08-06,22.4,29.1,25.1,84.0,0.0,10.7,5.0,250.0,2.0,,0.1066444444444445
2022-08-07,22.4,29.0,26.0,86.0,15.7,9.1,4.0,100.0,2.0,,0.0780694444444445
2022-08-08,24.2,29.4,26.7,77.0,1.0,5.1,5.0,110.0,3.0,,0.0653291666666667
2022-08-09,23.2,29.0,25.7,84.0,11.3,8.7,5.0,140.0,3.0,,0.0176987447698745
2022-08-10,23.8,29.0,26.4,87.0,21.7,6.3,5.0,120.0,3.0,,0.0551871950947297
2022-08-11,25.0,30.0,27.4,84.0,0.2,3.6,5.0,120.0,4.0,,0.0216011157601116
2022-08-12,26.0,30.0,27.7,84.0,0.0,9.4,5.0,120.0,4.0,,0.0100631944444445
2022-08-13,25.4,30.4,27.3,83.0,8888.0,8.4,5.0,100.0,3.0,,-0.0202151898734176
2022-08-14,25.3,30.3,27.1,85.0,0.4,5.6,5.0,100.0,3.0,,0.0323410041841004
2022-08-15,25.2,29.5,27.1,86.0,1.9,9.1,6.0,130.0,4.0,,0.0448033472803348
2022-08-16,25.8,29.6,27.1,82.0,0.0,10.5,6.0,120.0,4.0,,0.0551338912133891
2022-08-17,25.8,29.3,27.2,76.0,0.0,10.0,6.0,120.0,4.0,,0.0169260808926081
2022-08-18,25.2,29.1,26.9,79.0,3.8,7.4,8.0,110.0,5.0,,-0.0070641562064155
2022-08-19,26.0,29.2,27.2,75.0,0.3,4.2,8.0,120.0,5.0,,-0.0032422969187674
2022-08-20,26.0,29.6,27.0,66.0,0.0,10.2,7.0,110.0,6.0,,-0.0181756944444443
2022-08-21,25.9,29.4,27.1,70.0,0.0,10.8,6.0,80.0,4.0,,-0.0741241456430508
2022-08-22,25.2,29.7,26.7,83.0,4.5,7.7,9.0,110.0,5.0,,-0.0908965277777777
2022-08-23,25.2,29.1,27.2,74.0,8888.0,7.4,7.0,100.0,5.0,,-0.1274284722222221
2022-08-24,25.7,29.2,27.0,74.0,0.0,9.8,6.0,110.0,5.0,,-0.1409035000871121
2022-08-25,26.1,29.1,27.1,77.0,0.0,10.4,6.0,120.0,5.0,,-0.1389879844672198
2022-08-26,26.1,29.1,27.0,79.0,0.0,7.4,6.0,120.0,5.0,,-0.1428074229691876
2022-08-27,25.3,29.2,26.7,73.0,0.0,7.5,6.0,110.0,3.0,,-0.1498368347338934
2022-08-28,23.2,29.4,25.6,78.0,8888.0,9.1,5.0,130.0,3.0,,-0.1308118055555555
2022-08-29,23.6,29.4,26.8,78.0,8888.0,4.5,6.0,130.0,4.0,,-0.1066717391304347
2022-08-30,25.5,29.6,26.9,85.0,0.1,8.5,5.0,130.0,3.0,,-0.0783228730822872
2022-08-31,25.4,29.2,26.9,82.0,0.9,8.1,6.0,110.0,4.0,,-0.0564930555555554
2022-09-01,25.2,29.8,26.8,84.0,0.5,4.6,6.0,230.0,4.0,,-0.0912625000000001
2022-09-02,25.6,30.0,27.3,82.0,0.0,8.3,5.0,110.0,3.0,,-0.0875069444444446
2022-09-03,25.7,31.0,27.6,80.0,0.0,10.8,5.0,110.0,3.0,,-0.0322588152327223
2022-09-04,25.1,30.0,27.0,82.0,0.0,8.5,5.0,130.0,3.0,,-0.018967086834734
2022-09-05,24.5,30.3,26.5,85.0,0.0,4.8,5.0,110.0,3.0,,-0.010331938633194
2022-09-06,24.5,30.5,27.6,80.0,0.0,9.2,5.0,110.0,3.0,,-0.0048930555555557
2022-09-07,26.0,30.0,27.1,84.0,0.0,9.8,6.0,120.0,3.0,,-0.0111180555555557
2022-09-08,26.2,30.8,27.6,80.0,8888.0,1.5,5.0,110.0,3.0,,-0.0028121345029241
2022-09-09,23.6,30.2,26.4,87.0,34.0,6.9,4.0,120.0,2.0,,-0.0024472222222223
2022-09-10,24.4,29.6,26.5,86.0,0.0,6.8,6.0,120.0,4.0,,0.0420829846582982
2022-09-11,24.2,29.2,26.4,87.0,59.2,8.4,6.0,130.0,3.0,,0.1512189679218966
2022-09-12,24.8,30.8,26.6,86.0,8888.0,4.9,5.0,110.0,3.0,,0.1429817927170866
2022-09-13,24.8,29.6,26.8,84.0,0.0,10.9,6.0,130.0,4.0,,0.0852340277777776
2022-09-14,25.2,29.3,26.7,84.0,0.0,10.1,5.0,130.0,4.0,,0.1064121338912132
2022-09-15,25.2,29.0,26.6,84.0,1.0,10.2,6.0,130.0,4.0,,0.0924833333333331
2022-09-16,25.4,29.7,27.0,79.0,1.4,3.6,5.0,120.0,2.0,,-0.0095479166666668
2022-09-17,22.8,29.6,25.5,80.0,0.0,10.2,5.0,110.0,2.0,,-0.0071944444444446
2022-09-18,24.1,30.4,27.7,81.0,5.0,140.0,2.0,,3.1337480559875583,,-0.0137993055555557
2022-09-19,23.6,30.4,26.3,81.0,0.0,8.6,4.0,150.0,2.0,,-0.0174656862745099
2022-09-20,24.2,30.0,27.3,79.0,0.2,7.5,7.0,140.0,5.0,,0.0091569444444442
2022-09-21,26.2,29.9,27.7,76.0,0.0,9.8,6.0,130.0,4.0,,-0.0533172942817296
2022-09-22,26.8,30.6,27.7,81.0,6.0,120.0,3.0,,3.1337480559875583,,-0.0630941422594144
2022-09-23,25.3,30.6,27.5,85.0,0.3,6.8,5.0,120.0,3.0,,-0.0558043785310736
2022-09-24,25.2,30.9,27.8,80.0,0.0,7.0,4.0,120.0,2.0,,-0.0470913528591354
2022-09-25,25.4,30.6,27.8,80.0,1.8,10.8,4.0,120.0,2.0,,-0.0747510460251047
2022-09-26,25.6,30.7,27.9,76.0,0.0,10.6,4.0,170.0,2.0,,-0.0448851063829789
2022-09-27,24.2,30.4,26.8,76.0,0.0,10.6,4.0,70.0,2.0,,-0.0474114365411438
2022-09-28,24.2,30.0,26.7,81.0,0.7,10.8,5.0,260.0,2.0,,0.0239451476793247
2022-09-29,24.4,28.8,26.7,82.0,0.0,8.1,4.0,250.0,2.0,,0.0515072463768114
2022-09-30,24.6,30.3,26.9,86.0,1.3,2.8,5.0,180.0,2.0,,0.0035469897209983
2022-10-01,24.5,30.1,26.8,88.0,9.3,3.3,4.0,90.0,1.0,,-0.0984515901060073
2022-10-02,25.6,31.2,27.8,85.0,35.0,3.8,3.0,270.0,2.0,,-0.1287097222222225
2022-10-03,25.0,29.0,26.3,91.0,11.0,7.3,11.0,80.0,3.0,,-0.1378368644067799
2022-10-04,23.6,30.0,26.8,86.0,62.6,0.6,4.0,250.0,2.0,,-0.1484797768479779
2022-10-05,24.6,27.9,25.9,88.0,8888.0,2.9,4.0,280.0,1.0,,-0.2195666666666669
2022-10-06,24.8,28.6,25.9,89.0,21.9,0.0,4.0,100.0,1.0,,-0.1942669683257921
2022-10-07,25.0,30.0,26.9,90.0,39.6,0.0,5.0,140.0,3.0,,-0.118055788005579
2022-10-08,24.4,30.6,27.2,88.0,28.2,3.6,5.0,150.0,3.0,,-0.1055513361462731
2022-10-09,25.2,30.8,27.7,81.0,5.0,130.0,3.0,,3.1337480559875583,,-0.0864611111111113
2022-10-10,23.6,30.2,26.9,89.0,72.0,7.2,4.0,170.0,2.0,,-0.0473491501416433
2022-10-11,25.0,30.8,27.7,81.0,5.0,170.0,2.0,,3.1337480559875583,,0.0142997198879548
2022-10-12,25.2,30.6,27.7,82.0,2.4,8.5,6.0,140.0,2.0,,0.0485854166666663
2022-10-13,25.0,30.4,27.2,81.0,8888.0,8.2,5.0,110.0,2.0,,0.0516568213783401
2022-10-14,25.3,29.8,27.1,83.0,2.8,8.1,5.0,140.0,3.0,,0.040504901960784
2022-10-15,25.8,30.3,28.0,80.0,0.0,5.2,5.0,130.0,3.0,,0.0565704323570429
2022-10-16,26.2,30.5,28.1,84.0,1.0,11.0,5.0,140.0,4.0,,0.0494411764705879
2022-10-17,27.0,29.5,27.7,84.0,8888.0,5.8,4.0,130.0,2.0,,0.0802510548523203
2022-10-18,24.2,29.4,26.0,92.0,84.5,0.3,5.0,260.0,2.0,,0.0450397489539746
2022-10-19,24.3,28.6,26.2,90.0,55.5,1.0,4.0,270.0,1.0,,0.0223354519774008
2022-10-20,24.2,30.8,27.3,88.0,3.2,0.0,4.0,310.0,1.0,,0.0462907949790792
2022-10-21,25.3,31.6,28.0,86.0,0.0,2.8,4.0,110.0,2.0,,0.0230266106442574
2022-10-22,26.0,31.1,28.3,83.0,3.4,5.4,5.0,100.0,2.0,,0.023546808510638
2022-10-23,24.4,31.1,27.7,83.0,8888.0,6.2,6.0,300.0,3.0,,0.0629248226950351
2022-10-24,25.0,30.4,27.1,90.0,3.5,11.9,6.0,260.0,4.0,,0.0938157524613217
2022-10-25,24.6,29.6,26.2,92.0,76.5,8.3,6.0,250.0,3.0,,0.1184732770745426
2022-10-26,24.0,30.0,27.7,81.0,5.0,320.0,2.0,,3.1337480559875583,,0.1658368200836817
2022-10-27,24.7,28.8,25.9,90.0,1.7,7.1,8.0,290.0,3.0,,0.1412238700564969
2022-10-28,24.8,29.4,27.2,72.0,13.8,1.8,6.0,260.0,3.0,,0.1098867521367518
2022-10-29,22.8,29.3,25.8,77.0,0.0,10.0,5.0,280.0,2.0,,0.1297594936708858
2022-10-30,23.2,29.7,26.7,76.0,0.0,11.5,6.0,270.0,2.0,,0.1268246524152001
2022-10-31,24.0,30.2,26.7,77.0,0.0,11.6,6.0,260.0,2.0,,0.1191462506237559
2022-11-01,24.4,31.3,27.6,76.0,0.0,11.0,4.0,100.0,3.0,,0.0207361702127656
2022-11-02,25.6,31.2,28.5,82.0,3.8,11.1,5.0,120.0,2.0,,-0.0354653954802263
2022-11-03,26.3,31.7,29.1,81.0,8888.0,7.3,4.0,120.0,3.0,,-0.1153501400560227
2022-11-04,25.9,31.5,28.1,86.0,41.7,9.1,6.0,160.0,2.0,,-0.1097768479776851
2022-11-05,25.1,31.6,28.4,82.0,5.7,6.4,4.0,240.0,2.0,,-0.1091743055555559
2022-11-06,25.3,31.6,28.5,78.0,8888.0,8.4,4.0,120.0,2.0,,-0.168506313689815
2022-11-07,26.4,30.9,27.9,82.0,0.0,7.5,6.0,270.0,2.0,,-0.1903764124293789
2022-11-08,25.4,31.2,27.2,84.0,0.0,5.3,5.0,150.0,2.0,,-0.1659731262319712
2022-11-09,25.4,30.5,27.9,83.0,2.4,5.5,6.0,110.0,2.0,,-0.1804965277777781
2022-11-10,25.2,31.2,27.4,84.0,0.0,4.0,6.0,130.0,2.0,,-0.1364645833333337
2022-11-11,25.4,31.2,28.2,82.0,0.4,9.2,5.0,100.0,2.0,,-0.1046267367832294
2022-11-12,25.0,31.5,27.6,82.0,0.0,7.3,4.0,120.0,2.0,,-0.0710126050420171
2022-11-13,25.6,31.1,28.1,82.0,0.0,9.1,5.0,110.0,2.0,,-0.0560125523012555
2022-11-14,25.6,31.2,28.3,82.0,0.0,5.7,5.0,100.0,2.0,,-0.0321744022503519
2022-11-15,26.3,28.0,27.7,81.0,7.3,4.0,310.0,2.0,3.1337480559875583,,0.0081771708683469
2022-11-16,24.6,30.5,27.1,86.0,12.4,6.5,5.0,270.0,2.0,,-0.0236590277777781
2022-11-17,25.0,31.0,27.6,83.0,2.4,6.0,6.0,260.0,2.0,,-0.054061366806137
2022-11-18,25.0,29.6,26.7,87.0,22.4,6.7,4.0,280.0,2.0,,-0.0275033082400428
2022-11-19,24.9,30.8,27.6,79.0,2.4,0.6,4.0,250.0,2.0,,-0.0059222689075633
2022-11-20,25.5,31.6,28.4,80.0,0.0,2.2,4.0,100.0,2.0,,0.0476423611111107
2022-11-21,25.7,32.0,28.8,75.0,0.0,8.9,6.0,270.0,3.0,,0.1426190017505473
2022-11-22,26.6,30.0,28.1,84.0,0.0,9.0,8.0,270.0,4.0,,0.1284027777777774
2022-11-23,26.2,30.6,28.6,80.0,4.2,2.0,7.0,280.0,4.0,,0.0890718270571823
2022-11-24,24.6,30.0,26.8,89.0,34.4,5.4,5.0,260.0,3.0,,0.0424979079497904
2022-11-25,24.2,29.9,27.1,84.0,33.1,1.7,3.0,80.0,2.0,,0.0249680555555551
2022-11-26,24.5,30.0,26.6,88.0,0.0,1.5,5.0,250.0,2.0,,0.0275672268907559
2022-11-27,24.8,30.0,27.0,86.0,3.9,4.5,4.0,240.0,2.0,,0.0654502801120444
2022-11-28,25.0,30.0,26.6,88.0,5.9,2.1,7.0,260.0,2.0,,0.0458805555555551
2022-11-29,23.5,27.6,25.6,88.0,40.8,1.4,5.0,260.0,2.0,,-0.0838712574850302
2022-11-30,24.3,30.8,27.6,83.0,10.1,0.4,5.0,260.0,2.0,,0.0934353190685679
2022-12-01,25.2,29.8,27.4,78.0,0.0,7.0,5.0,250.0,2.0,,0.0636645833333333
2022-12-02,24.7,30.1,27.8,77.0,0.0,6.8,6.0,260.0,2.0,,0.0725203081232493
2022-12-03,25.2,30.2,27.3,82.0,0.0,11.1,5.0,260.0,2.0,,0.0395326388888889
2022-12-04,25.0,31.4,27.8,81.0,0.1,4.2,6.0,130.0,2.0,,0.0133472222222222
2022-12-05,25.0,31.6,28.1,80.0,15.2,6.3,5.0,70.0,2.0,,-0.0215690259285213
2022-12-06,25.8,31.5,28.6,80.0,8888.0,9.3,4.0,110.0,2.0,,-0.048233983286908
2022-12-07,25.8,31.5,28.5,80.0,0.0,8.6,6.0,100.0,2.0,,-0.0631124999999999
2022-12-08,23.6,31.8,28.3,80.0,6.2,11.7,4.0,150.0,2.0,,-0.1249569444444444
2022-12-09,24.5,31.2,27.9,78.0,2.6,11.1,6.0,150.0,3.0,,-0.1395562499999999
2022-12-10,25.0,31.8,28.2,80.0,0.0,11.0,4.0,150.0,2.0,,-0.1779002789400278
2022-12-11,25.6,31.9,28.1,83.0,0.8,10.1,5.0,160.0,2.0,,-0.141878661087866
2022-12-12,25.8,31.4,28.6,81.0,0.0,7.9,5.0,270.0,2.0,,-0.148089260808926
2022-12-13,25.9,32.5,28.9,80.0,0.0,11.4,4.0,260.0,2.0,,-0.1251750348675034
2022-12-14,25.4,30.7,28.2,83.0,0.1,11.2,5.0,260.0,2.0,,-0.1133947001394699
2022-12-15,25.5,31.2,28.1,82.0,0.2,6.4,5.0,250.0,3.0,,-0.0467270833333332
2022-12-16,25.8,28.5,26.9,86.0,8888.0,8.0,4.0,250.0,3.0,,-0.048079831932773
2022-12-17,24.7,29.0,27.0,82.0,6.2,0.5,5.0,260.0,2.0,,-0.0312107843137254
2022-12-18,24.4,31.4,27.4,81.0,12.1,0.2,5.0,50.0,2.0,,0.0123033472803347
2022-12-19,24.2,31.6,27.8,78.0,0.0,11.3,6.0,260.0,2.0,,0.0188965277777778
2022-12-20,24.1,31.6,28.0,74.0,0.0,12.7,5.0,100.0,2.0,,0.0208423611111111
2022-12-26,23.2,32.5,27.4,84.0,27.3,0.0,8.0,280.0,5.0,,0.0892364435135547
2022-12-27,25.5,29.5,27.5,83.0,6.0,1.2,9.0,270.0,6.0,,-0.0243195211786371
2022-12-28,24.5,29.1,26.9,84.0,2.3,0.0,9.0,270.0,5.0,,-0.0300147058823529
2022-12-29,24.0,30.1,27.0,84.0,35.6,3.2,8.0,260.0,4.0,,0.0051272577996716
2022-12-30,25.9,30.0,27.6,83.0,1.0,4.9,7.0,310.0,3.0,,-0.0092638888888889
2022-12-31,24.9,32.2,27.7,83.0,0.0,0.6,7.0,280.0,3.0,,-0.4018172942817294
