Time (UTC),prs(m),rad(m)
2020-01-31 00:01:00,-1.111,3.809
2020-01-31 00:02:00,-1.111,3.811
2020-01-31 00:03:00,-1.111,3.812
2020-01-31 00:04:00,-1.11,3.811
2020-01-31 00:05:00,-1.11,3.812
2020-01-31 00:06:00,-1.111,3.816
2020-01-31 00:07:00,-1.111,3.818
2020-01-31 00:08:00,-1.111,3.822
2020-01-31 00:09:00,-1.111,3.825
2020-01-31 00:10:00,-1.11,3.828
2020-01-31 00:11:00,-1.11,3.83
2020-01-31 00:12:00,-1.111,3.833
2020-01-31 00:13:00,-1.111,3.832
2020-01-31 00:14:00,-1.11,3.831
2020-01-31 00:15:00,-1.11,3.831
2020-01-31 00:16:00,-1.11,3.832
2020-01-31 00:17:00,-1.11,3.834
2020-01-31 00:18:00,-1.111,3.837
2020-01-31 00:19:00,-1.111,3.84
2020-01-31 00:20:00,-1.11,3.842
2020-01-31 00:21:00,-1.11,3.845
2020-01-31 00:22:00,-1.11,3.849
2020-01-31 00:23:00,-1.11,3.856
2020-01-31 00:24:00,-1.111,3.863
2020-01-31 00:25:00,-1.111,3.867
2020-01-31 00:26:00,-1.11,3.872
2020-01-31 00:27:00,-1.11,3.875
2020-01-31 00:28:00,-1.11,3.878
2020-01-31 00:29:00,-1.11,3.882
2020-01-31 00:30:00,-1.111,3.886
2020-01-31 00:31:00,-1.111,3.892
2020-01-31 00:32:00,-1.11,3.896
2020-01-31 00:33:00,-1.11,3.898
2020-01-31 00:34:00,-1.11,3.9
2020-01-31 00:35:00,-1.11,3.903
2020-01-31 00:36:00,-1.111,3.906
2020-01-31 00:37:00,-1.111,3.91
2020-01-31 00:38:00,-1.11,3.912
2020-01-31 00:39:00,-1.11,3.917
2020-01-31 00:40:00,-1.11,3.921
2020-01-31 00:41:00,-1.11,3.925
2020-01-31 00:42:00,-1.11,3.928
2020-01-31 00:43:00,-1.111,3.931
2020-01-31 00:44:00,-1.11,3.935
2020-01-31 00:45:00,-1.11,3.939
2020-01-31 00:46:00,-1.11,3.944
2020-01-31 00:47:00,-1.11,3.948
2020-01-31 00:48:00,-1.11,3.95
2020-01-31 00:49:00,-1.111,3.954
2020-01-31 00:50:00,-1.11,3.958
2020-01-31 00:51:00,-1.11,3.963
2020-01-31 00:52:00,-1.11,3.969
2020-01-31 00:53:00,-1.11,3.974
2020-01-31 00:54:00,-1.11,3.977
2020-01-31 00:55:00,-1.11,3.98
2020-01-31 00:56:00,-1.11,3.985
2020-01-31 00:57:00,-1.11,3.991
2020-01-31 00:58:00,-1.11,3.997
2020-01-31 00:59:00,-1.11,4.002
2020-01-31 01:00:00,-1.11,4.007
2020-01-31 01:01:00,-1.111,4.012
2020-01-31 01:02:00,-1.11,4.016
2020-01-31 01:03:00,-1.11,4.02
2020-01-31 01:04:00,-1.11,4.024
2020-01-31 01:05:00,-1.11,4.029
2020-01-31 01:06:00,-1.11,4.034
2020-01-31 01:07:00,-1.11,4.039
2020-01-31 01:08:00,-1.11,4.046
2020-01-31 01:09:00,-1.11,4.054
2020-01-31 01:10:00,-1.11,4.06
2020-01-31 01:11:00,-1.11,4.065
2020-01-31 01:12:00,-1.11,4.071
2020-01-31 01:13:00,-1.11,4.075
2020-01-31 01:14:00,-1.11,4.08
2020-01-31 01:15:00,-1.11,4.086
2020-01-31 01:16:00,-1.11,4.091
2020-01-31 01:17:00,-1.11,4.096
2020-01-31 01:18:00,-1.11,4.102
2020-01-31 01:19:00,-1.11,4.111
2020-01-31 01:20:00,-1.11,4.113
2020-01-31 01:21:00,-1.11,4.121
2020-01-31 01:22:00,-1.11,4.128
2020-01-31 01:23:00,-1.11,4.133
2020-01-31 01:24:00,-1.11,4.137
2020-01-31 01:25:00,-1.11,4.144
2020-01-31 01:26:00,-1.11,4.15
2020-01-31 01:27:00,-1.11,4.159
2020-01-31 01:28:00,-1.11,4.162
2020-01-31 01:29:00,-1.11,4.168
2020-01-31 01:30:00,-1.11,4.174
2020-01-31 01:31:00,-1.111,4.176
2020-01-31 01:32:00,-1.11,4.183
2020-01-31 01:33:00,-1.11,4.188
2020-01-31 01:34:00,-1.11,4.196
2020-01-31 01:35:00,-1.11,4.201
2020-01-31 01:36:00,-1.11,4.209
2020-01-31 01:37:00,-1.11,4.212
2020-01-31 01:38:00,-1.11,4.218
2020-01-31 01:39:00,-1.11,4.223
2020-01-31 01:40:00,-1.11,4.228
2020-01-31 01:41:00,-1.11,4.236
2020-01-31 01:42:00,-1.111,4.241
2020-01-31 01:43:00,-1.111,4.245
2020-01-31 01:44:00,-1.111,4.254
2020-01-31 01:45:00,-1.111,4.263
2020-01-31 01:46:00,-1.111,4.265
2020-01-31 01:47:00,-1.111,4.273
2020-01-31 01:48:00,-1.111,4.278
2020-01-31 01:49:00,-1.111,4.284
2020-01-31 01:50:00,-1.111,4.291
2020-01-31 01:51:00,-1.111,4.3
2020-01-31 01:52:00,-1.111,4.307
2020-01-31 01:53:00,-1.111,4.312
2020-01-31 01:54:00,-1.111,4.319
2020-01-31 01:55:00,-1.111,4.326
2020-01-31 01:56:00,-1.111,4.336
2020-01-31 01:57:00,-1.111,4.34
2020-01-31 01:58:00,-1.111,4.343
2020-01-31 01:59:00,-1.111,4.35
2020-01-31 02:00:00,-1.111,4.359
2020-01-31 02:01:00,-1.111,4.364
2020-01-31 02:02:00,-1.111,4.367
2020-01-31 02:03:00,-1.111,4.374
2020-01-31 02:04:00,-1.111,4.381
2020-01-31 02:05:00,-1.111,4.388
2020-01-31 02:06:00,-1.111,4.394
2020-01-31 02:07:00,-1.111,4.399
2020-01-31 02:08:00,-1.111,4.404
2020-01-31 02:09:00,-1.111,4.403
2020-01-31 02:10:00,-1.111,4.412
2020-01-31 02:11:00,-1.111,4.42
2020-01-31 02:12:00,-1.111,4.429
2020-01-31 02:13:00,-1.111,4.434
2020-01-31 02:14:00,-1.111,4.435
2020-01-31 02:15:00,-1.111,4.444
2020-01-31 02:16:00,-1.111,4.45
2020-01-31 02:17:00,-1.111,4.456
2020-01-31 02:18:00,-1.111,4.459
2020-01-31 02:19:00,-1.111,4.467
2020-01-31 02:20:00,-1.111,4.472
2020-01-31 02:21:00,-1.111,4.48
2020-01-31 02:22:00,-1.111,4.485
2020-01-31 02:23:00,-1.111,4.49
2020-01-31 02:24:00,-1.111,4.498
2020-01-31 02:25:00,-1.112,4.502
2020-01-31 02:26:00,-1.111,4.511
2020-01-31 02:27:00,-1.111,4.515
2020-01-31 02:28:00,-1.111,4.524
2020-01-31 02:29:00,-1.111,4.53
2020-01-31 02:30:00,-1.112,4.539
2020-01-31 02:31:00,-1.112,4.544
2020-01-31 02:32:00,-1.112,4.547
2020-01-31 02:33:00,-1.112,4.553
2020-01-31 02:34:00,-1.111,4.558
2020-01-31 02:35:00,-1.112,4.566
2020-01-31 02:36:00,-1.112,4.574
2020-01-31 02:37:00,-1.112,4.579
2020-01-31 02:38:00,-1.111,4.584
2020-01-31 02:39:00,-1.111,4.595
2020-01-31 02:40:00,-1.111,4.604
2020-01-31 02:41:00,-1.111,4.613
2020-01-31 02:42:00,-1.112,4.62
2020-01-31 02:43:00,-1.112,4.626
2020-01-31 02:44:00,-1.111,4.633
2020-01-31 02:45:00,-1.111,4.637
2020-01-31 02:46:00,-1.111,4.643
2020-01-31 02:47:00,-1.111,4.651
2020-01-31 02:48:00,-1.112,4.656
2020-01-31 02:49:00,-1.112,4.663
2020-01-31 02:50:00,-1.111,4.669
2020-01-31 02:51:00,-1.111,4.68
2020-01-31 02:52:00,-1.112,4.686
2020-01-31 02:53:00,-1.112,4.689
2020-01-31 02:54:00,-1.112,4.696
2020-01-31 02:55:00,-1.112,4.699
2020-01-31 02:56:00,-1.112,4.705
2020-01-31 02:57:00,-1.112,4.714
2020-01-31 02:58:00,-1.112,4.722
2020-01-31 02:59:00,-1.112,4.729
2020-01-31 03:00:00,-1.112,4.736
2020-01-31 03:01:00,-1.112,4.741
2020-01-31 03:02:00,-1.112,4.748
2020-01-31 03:03:00,-1.112,4.754
2020-01-31 03:04:00,-1.112,4.759
2020-01-31 03:05:00,-1.112,4.768
2020-01-31 03:06:00,-1.112,4.775
2020-01-31 03:07:00,-1.112,4.78
2020-01-31 03:08:00,-1.112,4.789
2020-01-31 03:09:00,-1.112,4.794
2020-01-31 03:10:00,-1.112,4.805
2020-01-31 03:11:00,-1.112,4.811
2020-01-31 03:12:00,-1.112,4.813
2020-01-31 03:13:00,-1.112,4.821
2020-01-31 03:14:00,-1.112,4.83
2020-01-31 03:15:00,-1.112,4.837
2020-01-31 03:16:00,-1.112,4.848
2020-01-31 03:17:00,-1.112,4.856
2020-01-31 03:18:00,-1.112,4.861
2020-01-31 03:19:00,-1.112,4.866
2020-01-31 03:20:00,-1.112,4.875
2020-01-31 03:21:00,-1.112,0.487
2020-01-31 03:22:00,-1.112,4.887
2020-01-31 03:23:00,-1.112,4.894
2020-01-31 03:24:00,-1.112,4.898
2020-01-31 03:25:00,-1.112,4.905
2020-01-31 03:26:00,-1.112,4.91
2020-01-31 03:27:00,-1.112,4.916
2020-01-31 03:28:00,-1.112,4.922
2020-01-31 03:29:00,-1.112,4.931
2020-01-31 03:30:00,-1.112,4.939
2020-01-31 03:31:00,-1.112,4.947
2020-01-31 03:32:00,-1.112,4.953
2020-01-31 03:33:00,-1.111,4.963
2020-01-31 03:34:00,-1.111,4.97
2020-01-31 03:35:00,-1.111,4.976
2020-01-31 03:36:00,-1.111,4.981
2020-01-31 03:37:00,-1.111,4.989
2020-01-31 03:38:00,-1.111,4.996
2020-01-31 03:39:00,-1.111,5.0
2020-01-31 03:40:00,-1.111,5.007
2020-01-31 03:41:00,-1.112,5.01
2020-01-31 03:42:00,-1.112,5.017
2020-01-31 03:43:00,-1.112,5.017
2020-01-31 03:44:00,-1.112,5.024
2020-01-31 03:45:00,-1.112,5.028
2020-01-31 03:46:00,-1.112,5.032
2020-01-31 03:47:00,-1.112,5.037
2020-01-31 03:48:00,-1.112,5.041
2020-01-31 03:49:00,-1.112,5.045
2020-01-31 03:50:00,-1.112,5.05
2020-01-31 03:51:00,-1.112,5.055
2020-01-31 03:52:00,-1.112,5.06
2020-01-31 03:53:00,-1.112,5.066
2020-01-31 03:54:00,-1.112,5.074
2020-01-31 03:55:00,-1.112,5.079
2020-01-31 03:56:00,-1.112,5.082
2020-01-31 03:57:00,-1.112,5.089
2020-01-31 03:58:00,-1.112,5.092
2020-01-31 03:59:00,-1.112,5.098
2020-01-31 04:00:00,-1.112,5.104
2020-01-31 04:01:00,-1.113,5.11
2020-01-31 04:02:00,-1.112,5.118
2020-01-31 04:03:00,-1.112,5.126
2020-01-31 04:04:00,-1.112,5.134
2020-01-31 04:05:00,-1.112,5.141
2020-01-31 04:06:00,-1.112,5.146
2020-01-31 04:07:00,-1.113,5.152
2020-01-31 04:08:00,-1.112,5.158
2020-01-31 04:09:00,-1.112,5.165
2020-01-31 04:10:00,-1.112,5.17
2020-01-31 04:11:00,-1.112,5.175
2020-01-31 04:12:00,-1.113,5.181
2020-01-31 04:13:00,-1.113,5.182
2020-01-31 04:14:00,-1.112,5.186
2020-01-31 04:15:00,-1.112,5.186
2020-01-31 04:16:00,-1.112,5.192
2020-01-31 04:17:00,-1.112,5.193
2020-01-31 04:18:00,-1.113,5.198
2020-01-31 04:19:00,-1.113,5.201
2020-01-31 04:20:00,-1.112,5.207
2020-01-31 04:21:00,-1.112,5.209
2020-01-31 04:22:00,-1.112,5.215
2020-01-31 04:23:00,-1.112,5.219
2020-01-31 04:24:00,-1.113,5.227
2020-01-31 04:25:00,-1.113,5.231
2020-01-31 04:26:00,-1.113,5.237
2020-01-31 04:27:00,-1.113,5.244
2020-01-31 04:28:00,-1.113,5.25
2020-01-31 04:29:00,-1.113,5.256
2020-01-31 04:30:00,-1.113,5.259
2020-01-31 04:31:00,-1.113,5.265
2020-01-31 04:32:00,-1.113,5.272
2020-01-31 04:33:00,-1.113,5.278
2020-01-31 04:34:00,-1.113,5.279
2020-01-31 04:35:00,-1.113,5.283
2020-01-31 04:36:00,-1.113,5.284
2020-01-31 04:37:00,-1.113,5.288
2020-01-31 04:38:00,-1.113,5.289
2020-01-31 04:39:00,-1.113,5.295
2020-01-31 04:40:00,-1.113,5.297
2020-01-31 04:41:00,-1.113,5.301
2020-01-31 04:42:00,-1.113,5.302
2020-01-31 04:43:00,-1.113,5.309
2020-01-31 04:44:00,-1.113,5.315
2020-01-31 04:45:00,-1.113,5.317
2020-01-31 04:46:00,-1.113,5.324
2020-01-31 04:47:00,-1.113,5.329
2020-01-31 04:48:00,-1.113,5.331
2020-01-31 04:49:00,-1.113,5.336
2020-01-31 04:50:00,-1.113,5.338
2020-01-31 04:51:00,-1.113,5.342
2020-01-31 04:52:00,-1.113,5.347
2020-01-31 04:53:00,-1.113,5.351
2020-01-31 04:54:00,-1.113,5.353
2020-01-31 04:55:00,-1.113,5.354
2020-01-31 04:56:00,-1.113,5.359
2020-01-31 04:57:00,-1.113,5.36
2020-01-31 04:58:00,-1.113,5.365
2020-01-31 04:59:00,-1.113,5.37
2020-01-31 05:00:00,-1.113,5.37
2020-01-31 05:01:00,-1.113,5.372
2020-01-31 05:02:00,-1.113,5.371
2020-01-31 05:03:00,-1.113,5.373
2020-01-31 05:04:00,-1.113,5.375
2020-01-31 05:05:00,-1.113,5.382
2020-01-31 05:06:00,-1.113,5.387
2020-01-31 05:07:00,-1.113,5.39
2020-01-31 05:08:00,-1.113,5.39
2020-01-31 05:09:00,-1.113,5.395
2020-01-31 05:10:00,-1.113,5.4
2020-01-31 05:11:00,-1.113,5.406
2020-01-31 05:12:00,-1.113,5.409
2020-01-31 05:13:00,-1.113,5.41
2020-01-31 05:14:00,-1.113,5.413
2020-01-31 05:15:00,-1.113,5.416
2020-01-31 05:16:00,-1.113,5.419
2020-01-31 05:17:00,-1.113,5.419
2020-01-31 05:18:00,-1.113,5.421
2020-01-31 05:19:00,-1.113,5.426
2020-01-31 05:20:00,-1.113,5.425
2020-01-31 05:21:00,-1.113,5.427
2020-01-31 05:22:00,-1.113,5.431
2020-01-31 05:23:00,-1.113,5.431
2020-01-31 05:24:00,-1.113,5.434
2020-01-31 05:25:00,-1.113,5.436
2020-01-31 05:26:00,-1.113,5.438
2020-01-31 05:27:00,-1.113,5.439
2020-01-31 05:28:00,-1.112,5.44
2020-01-31 05:29:00,-1.112,5.438
2020-01-31 05:30:00,-1.112,5.444
2020-01-31 05:31:00,-1.112,5.448
2020-01-31 05:32:00,-1.112,5.449
2020-01-31 05:33:00,-1.112,5.451
2020-01-31 05:34:00,-1.112,5.453
2020-01-31 05:35:00,-1.112,5.449
2020-01-31 05:36:00,-1.112,5.451
2020-01-31 05:37:00,-1.112,5.452
2020-01-31 05:38:00,-1.112,5.452
2020-01-31 05:39:00,-1.112,5.456
2020-01-31 05:40:00,-1.112,5.456
2020-01-31 05:41:00,-1.112,5.459
2020-01-31 05:42:00,-1.112,5.457
2020-01-31 05:43:00,-1.112,5.463
2020-01-31 05:44:00,-1.112,5.466
2020-01-31 05:45:00,-1.112,5.467
2020-01-31 05:46:00,-1.112,5.471
2020-01-31 05:47:00,-1.112,5.472
2020-01-31 05:48:00,-1.112,5.475
2020-01-31 05:49:00,-1.112,5.475
2020-01-31 05:50:00,-1.112,5.474
2020-01-31 05:51:00,-1.112,5.477
2020-01-31 05:52:00,-1.112,5.476
2020-01-31 05:53:00,-1.112,5.474
2020-01-31 05:54:00,-1.112,5.476
2020-01-31 05:55:00,-1.112,5.475
2020-01-31 05:56:00,-1.112,5.477
2020-01-31 05:57:00,-1.112,5.477
2020-01-31 05:58:00,-1.112,5.477
2020-01-31 05:59:00,-1.112,5.473
2020-01-31 06:00:00,-1.112,5.479
2020-01-31 06:01:00,-1.112,5.475
2020-01-31 06:02:00,-1.112,5.473
2020-01-31 06:03:00,-1.112,5.474
2020-01-31 06:04:00,-1.112,5.477
2020-01-31 06:05:00,-1.112,5.476
2020-01-31 06:06:00,-1.112,5.477
2020-01-31 06:07:00,-1.112,5.477
2020-01-31 06:08:00,-1.112,5.477
2020-01-31 06:09:00,-1.112,5.479
2020-01-31 06:10:00,-1.112,5.476
2020-01-31 06:11:00,-1.112,5.478
2020-01-31 06:12:00,-1.112,5.476
2020-01-31 06:13:00,-1.112,5.474
2020-01-31 06:14:00,-1.112,5.475
2020-01-31 06:15:00,-1.112,5.476
2020-01-31 06:16:00,-1.112,5.474
2020-01-31 06:17:00,-1.112,5.474
2020-01-31 06:18:00,-1.112,5.473
2020-01-31 06:19:00,-1.112,5.475
2020-01-31 06:20:00,-1.112,5.475
2020-01-31 06:21:00,-1.112,5.474
2020-01-31 06:22:00,-1.112,5.465
2020-01-31 06:23:00,-1.112,5.468
2020-01-31 06:24:00,-1.112,5.463
2020-01-31 06:25:00,-1.112,5.461
2020-01-31 06:26:00,-1.112,5.456
2020-01-31 06:27:00,-1.112,5.457
2020-01-31 06:28:00,-1.112,5.455
2020-01-31 06:29:00,-1.112,5.457
2020-01-31 06:30:00,-1.112,5.448
2020-01-31 06:31:00,-1.112,5.454
2020-01-31 06:32:00,-1.112,5.451
2020-01-31 06:33:00,-1.112,5.449
2020-01-31 06:34:00,-1.112,5.446
2020-01-31 06:35:00,-1.112,5.446
2020-01-31 06:36:00,-1.112,5.445
2020-01-31 06:37:00,-1.112,5.445
2020-01-31 06:38:00,-1.112,5.444
2020-01-31 06:39:00,-1.112,5.443
2020-01-31 06:40:00,-1.112,5.437
2020-01-31 06:41:00,-1.112,5.434
2020-01-31 06:42:00,-1.112,5.431
2020-01-31 06:43:00,-1.112,5.433
2020-01-31 06:44:00,-1.112,5.43
2020-01-31 06:45:00,-1.112,5.43
2020-01-31 06:46:00,-1.112,5.428
2020-01-31 06:47:00,-1.112,5.422
2020-01-31 06:48:00,-1.112,5.418
2020-01-31 06:49:00,-1.112,5.413
2020-01-31 06:50:00,-1.112,5.41
2020-01-31 06:51:00,-1.112,5.407
2020-01-31 06:52:00,-1.112,5.404
2020-01-31 06:53:00,-1.112,5.401
2020-01-31 06:54:00,-1.113,5.402
2020-01-31 06:55:00,-1.113,5.397
2020-01-31 06:56:00,-1.112,5.393
2020-01-31 06:57:00,-1.112,5.389
2020-01-31 06:58:00,-1.112,5.384
2020-01-31 06:59:00,-1.111,5.38
2020-01-31 07:00:00,-1.111,5.374
2020-01-31 07:01:00,-1.111,5.371
2020-01-31 07:02:00,-1.111,5.367
2020-01-31 07:03:00,-1.111,5.362
2020-01-31 07:04:00,-1.111,5.355
2020-01-31 07:05:00,-1.112,5.354
2020-01-31 07:06:00,-1.112,5.351
2020-01-31 07:07:00,-1.112,5.346
2020-01-31 07:08:00,-1.112,5.34
2020-01-31 07:09:00,-1.112,5.34
2020-01-31 07:10:00,-1.112,5.336
2020-01-31 07:11:00,-1.112,5.329
2020-01-31 07:12:00,-1.112,5.327
2020-01-31 07:13:00,-1.112,5.323
2020-01-31 07:14:00,-1.111,5.321
2020-01-31 07:15:00,-1.111,5.317
2020-01-31 07:16:00,-1.111,5.311
2020-01-31 07:17:00,-1.111,5.309
2020-01-31 07:18:00,-1.111,5.3
2020-01-31 07:19:00,-1.112,5.298
2020-01-31 07:20:00,-1.111,5.291
2020-01-31 07:21:00,-1.111,5.287
2020-01-31 07:22:00,-1.111,5.276
2020-01-31 07:23:00,-1.111,5.271
2020-01-31 07:24:00,-1.112,5.269
2020-01-31 07:25:00,-1.112,5.264
2020-01-31 07:26:00,-1.111,5.26
2020-01-31 07:27:00,-1.111,5.251
2020-01-31 07:28:00,-1.111,5.249
2020-01-31 07:29:00,-1.111,5.235
2020-01-31 07:30:00,-1.112,5.236
2020-01-31 07:31:00,-1.112,5.235
2020-01-31 07:32:00,-1.112,5.229
2020-01-31 07:33:00,-1.112,5.226
2020-01-31 07:34:00,-1.112,5.22
2020-01-31 07:35:00,-1.112,5.216
2020-01-31 07:36:00,-1.112,5.217
2020-01-31 07:37:00,-1.112,5.211
2020-01-31 07:38:00,-1.112,5.208
2020-01-31 07:39:00,-1.112,5.202
2020-01-31 07:40:00,-1.112,5.197
2020-01-31 07:41:00,-1.112,5.19
2020-01-31 07:42:00,-1.112,5.182
2020-01-31 07:43:00,-1.112,5.179
2020-01-31 07:44:00,-1.111,5.17
2020-01-31 07:45:00,-1.111,5.166
2020-01-31 07:46:00,-1.111,5.164
2020-01-31 07:47:00,-1.111,5.158
2020-01-31 07:48:00,-1.111,5.145
2020-01-31 07:49:00,-1.111,5.141
2020-01-31 07:50:00,-1.111,5.138
2020-01-31 07:51:00,-1.111,5.127
2020-01-31 07:52:00,-1.111,5.121
2020-01-31 07:53:00,-1.111,5.115
2020-01-31 07:54:00,-1.111,5.11
2020-01-31 07:55:00,-1.112,5.101
2020-01-31 07:56:00,-1.111,5.099
2020-01-31 07:57:00,-1.111,5.092
2020-01-31 07:58:00,-1.111,5.091
2020-01-31 07:59:00,-1.111,5.088
2020-01-31 08:00:00,-1.111,5.079
2020-01-31 08:01:00,-1.111,5.076
2020-01-31 08:02:00,-1.111,5.073
2020-01-31 08:03:00,-1.111,5.067
2020-01-31 08:04:00,-1.111,5.063
2020-01-31 08:05:00,-1.111,5.059
2020-01-31 08:06:00,-1.111,5.054
2020-01-31 08:07:00,-1.111,5.048
2020-01-31 08:08:00,-1.11,5.044
2020-01-31 08:09:00,-1.11,5.037
2020-01-31 08:10:00,-1.11,5.03
2020-01-31 08:11:00,-1.11,5.018
2020-01-31 08:12:00,-1.111,5.012
2020-01-31 08:13:00,-1.111,5.007
2020-01-31 08:14:00,-1.111,4.997
2020-01-31 08:15:00,-1.111,4.99
2020-01-31 08:16:00,-1.111,4.986
2020-01-31 08:17:00,-1.111,4.981
2020-01-31 08:18:00,-1.111,4.972
2020-01-31 08:19:00,-1.111,4.967
2020-01-31 08:20:00,-1.111,4.964
2020-01-31 08:21:00,-1.11,4.958
2020-01-31 08:22:00,-1.11,4.956
2020-01-31 08:23:00,-1.11,4.949
2020-01-31 08:24:00,-1.11,4.946
2020-01-31 08:25:00,-1.11,4.937
2020-01-31 08:26:00,-1.109,4.934
2020-01-31 08:27:00,-1.109,4.93
2020-01-31 08:28:00,-1.109,4.923
2020-01-31 08:29:00,-1.109,4.919
2020-01-31 08:30:00,-1.109,4.915
2020-01-31 08:31:00,-1.109,4.912
2020-01-31 08:32:00,-1.108,4.902
2020-01-31 08:33:00,-1.108,4.897
2020-01-31 08:34:00,-1.108,4.89
2020-01-31 08:35:00,-1.108,4.882
2020-01-31 08:36:00,-1.108,4.878
2020-01-31 08:37:00,-1.109,4.875
2020-01-31 08:38:00,-1.108,4.867
2020-01-31 08:39:00,-1.108,4.858
2020-01-31 08:40:00,-1.107,4.853
2020-01-31 08:41:00,-1.107,4.845
2020-01-31 08:42:00,-1.107,4.845
2020-01-31 08:43:00,-1.108,4.837
2020-01-31 08:44:00,-1.107,4.827
2020-01-31 08:45:00,-1.107,4.821
2020-01-31 08:46:00,-1.107,4.816
2020-01-31 08:47:00,-1.106,4.811
2020-01-31 08:48:00,-1.107,4.809
2020-01-31 08:49:00,-1.107,4.8
2020-01-31 08:50:00,-1.107,4.797
2020-01-31 08:51:00,-1.107,4.786
2020-01-31 08:52:00,-1.107,4.786
2020-01-31 08:53:00,-1.107,4.778
2020-01-31 08:54:00,-1.107,4.774
2020-01-31 08:55:00,-1.107,4.765
2020-01-31 08:56:00,-1.107,4.758
2020-01-31 08:57:00,-1.107,4.751
2020-01-31 08:58:00,-1.107,4.749
2020-01-31 08:59:00,-1.107,4.742
2020-01-31 09:00:00,-1.107,4.736
2020-01-31 09:01:00,-1.107,4.729
2020-01-31 09:02:00,-1.107,4.722
2020-01-31 09:03:00,-1.107,4.719
2020-01-31 09:04:00,-1.106,4.709
2020-01-31 09:05:00,-1.106,4.701
2020-01-31 09:06:00,-1.107,4.69
2020-01-31 09:07:00,-1.107,4.689
2020-01-31 09:08:00,-1.107,4.686
2020-01-31 09:09:00,-1.107,4.677
2020-01-31 09:10:00,-1.107,4.672
2020-01-31 09:11:00,-1.106,4.667
2020-01-31 09:12:00,-1.107,4.665
2020-01-31 09:13:00,-1.107,4.659
2020-01-31 09:14:00,-1.106,4.651
2020-01-31 09:15:00,-1.106,4.648
2020-01-31 09:16:00,-1.106,4.643
2020-01-31 09:17:00,-1.106,4.637
2020-01-31 09:18:00,-1.106,4.633
2020-01-31 09:19:00,-1.107,4.627
2020-01-31 09:20:00,-1.106,4.619
2020-01-31 09:21:00,-1.106,4.616
2020-01-31 09:22:00,-1.106,4.611
2020-01-31 09:23:00,-1.106,4.602
2020-01-31 09:24:00,-1.106,4.597
2020-01-31 09:25:00,-1.106,4.591
2020-01-31 09:26:00,-1.106,4.584
2020-01-31 09:27:00,-1.106,4.576
2020-01-31 09:28:00,-1.106,4.572
2020-01-31 09:29:00,-1.106,4.566
2020-01-31 09:30:00,-1.106,4.561
2020-01-31 09:31:00,-1.106,4.56
2020-01-31 09:32:00,-1.106,4.55
2020-01-31 09:33:00,-1.106,0.454
2020-01-31 09:34:00,-1.106,4.541
2020-01-31 09:35:00,-1.106,4.535
2020-01-31 09:36:00,-1.106,4.53
2020-01-31 09:37:00,-1.106,4.523
2020-01-31 09:38:00,-1.106,4.521
2020-01-31 09:39:00,-1.106,4.519
2020-01-31 09:40:00,-1.106,4.513
2020-01-31 09:41:00,-1.106,4.508
2020-01-31 09:42:00,-1.106,4.498
2020-01-31 09:43:00,-1.106,4.493
2020-01-31 09:44:00,-1.106,4.487
2020-01-31 09:45:00,-1.106,4.486
2020-01-31 09:46:00,-1.105,4.482
2020-01-31 09:47:00,-1.105,4.475
2020-01-31 09:48:00,-1.106,4.472
2020-01-31 09:49:00,-1.106,4.464
2020-01-31 09:50:00,-1.105,4.461
2020-01-31 09:51:00,-1.105,4.456
2020-01-31 09:52:00,-1.105,4.447
2020-01-31 09:53:00,-1.105,4.445
2020-01-31 09:54:00,-1.106,4.44
2020-01-31 09:55:00,-1.106,4.433
2020-01-31 09:56:00,-1.105,4.43
2020-01-31 09:57:00,-1.105,4.426
2020-01-31 09:58:00,-1.105,4.418
2020-01-31 09:59:00,-1.105,4.419
2020-01-31 10:00:00,-1.105,4.416
2020-01-31 10:01:00,-1.105,4.408
2020-01-31 10:02:00,-1.105,4.406
2020-01-31 10:03:00,-1.105,4.4
2020-01-31 10:04:00,-1.105,4.4
2020-01-31 10:05:00,-1.105,4.391
2020-01-31 10:06:00,-1.105,4.387
2020-01-31 10:07:00,-1.105,4.384
2020-01-31 10:08:00,-1.105,4.38
2020-01-31 10:09:00,-1.105,4.377
2020-01-31 10:10:00,-1.105,4.37
2020-01-31 10:11:00,-1.105,4.366
2020-01-31 10:12:00,-1.105,4.364
2020-01-31 10:13:00,-1.106,4.355
2020-01-31 10:14:00,-1.105,4.351
2020-01-31 10:15:00,-1.106,4.345
2020-01-31 10:16:00,-1.106,4.341
2020-01-31 10:17:00,-1.106,4.335
2020-01-31 10:18:00,-1.106,4.331
2020-01-31 10:19:00,-1.106,4.327
2020-01-31 10:20:00,-1.106,4.325
2020-01-31 10:21:00,-1.106,4.316
2020-01-31 10:22:00,-1.105,4.312
2020-01-31 10:23:00,-1.106,4.303
2020-01-31 10:24:00,-1.106,4.306
2020-01-31 10:25:00,-1.106,4.302
2020-01-31 10:26:00,-1.106,4.301
2020-01-31 10:27:00,-1.106,4.295
2020-01-31 10:28:00,-1.106,4.289
2020-01-31 10:29:00,-1.106,4.285
2020-01-31 10:30:00,-1.106,4.282
2020-01-31 10:31:00,-1.106,4.279
2020-01-31 10:32:00,-1.106,4.277
2020-01-31 10:33:00,-1.106,4.272
2020-01-31 10:34:00,-1.105,4.27
2020-01-31 10:35:00,-1.105,4.268
2020-01-31 10:36:00,-1.106,4.264
2020-01-31 10:37:00,-1.106,4.263
2020-01-31 10:38:00,-1.105,4.259
2020-01-31 10:39:00,-1.105,4.255
2020-01-31 10:40:00,-1.105,4.251
2020-01-31 10:41:00,-1.105,4.25
2020-01-31 10:42:00,-1.105,4.247
2020-01-31 10:43:00,-1.106,4.243
2020-01-31 10:44:00,-1.105,4.242
2020-01-31 10:45:00,-1.105,4.238
2020-01-31 10:46:00,-1.105,4.238
2020-01-31 10:47:00,-1.105,4.237
2020-01-31 10:48:00,-1.105,4.232
2020-01-31 10:49:00,-1.105,4.227
2020-01-31 10:50:00,-1.105,4.228
2020-01-31 10:51:00,-1.105,4.223
2020-01-31 10:52:00,-1.105,4.222
2020-01-31 10:53:00,-1.105,4.216
2020-01-31 10:54:00,-1.105,4.213
2020-01-31 10:55:00,-1.106,4.212
2020-01-31 10:56:00,-1.105,4.211
2020-01-31 10:57:00,-1.105,4.21
2020-01-31 10:58:00,-1.105,4.206
2020-01-31 10:59:00,-1.105,4.204
2020-01-31 11:00:00,-1.105,4.204
2020-01-31 11:01:00,-1.105,4.2
2020-01-31 11:02:00,-1.105,4.198
2020-01-31 11:03:00,-1.105,4.194
2020-01-31 11:04:00,-1.105,4.193
2020-01-31 11:05:00,-1.105,4.19
2020-01-31 11:06:00,-1.106,4.188
2020-01-31 11:07:00,-1.106,4.182
2020-01-31 11:08:00,-1.105,4.181
2020-01-31 11:09:00,-1.105,4.18
2020-01-31 11:10:00,-1.105,4.178
2020-01-31 11:11:00,-1.105,4.175
2020-01-31 11:12:00,-1.106,4.17
2020-01-31 11:13:00,-1.106,4.169
2020-01-31 11:14:00,-1.105,4.169
2020-01-31 11:15:00,-1.105,4.17
2020-01-31 11:16:00,-1.106,4.171
2020-01-31 11:17:00,-1.105,4.167
2020-01-31 11:18:00,-1.106,4.165
2020-01-31 11:19:00,-1.106,4.168
2020-01-31 11:20:00,-1.106,4.161
2020-01-31 11:21:00,-1.106,4.162
2020-01-31 11:22:00,-1.105,4.159
2020-01-31 11:23:00,-1.105,4.158
2020-01-31 11:24:00,-1.106,4.154
2020-01-31 11:25:00,-1.106,4.154
2020-01-31 11:26:00,-1.105,4.156
2020-01-31 11:27:00,-1.105,4.153
2020-01-31 11:28:00,-1.105,4.15
2020-01-31 11:29:00,-1.105,4.154
2020-01-31 11:30:00,-1.106,4.147
2020-01-31 11:31:00,-1.106,4.148
2020-01-31 11:32:00,-1.105,4.149
2020-01-31 11:33:00,-1.105,4.147
2020-01-31 11:34:00,-1.105,4.145
2020-01-31 11:35:00,-1.105,4.147
2020-01-31 11:36:00,-1.106,4.145
2020-01-31 11:37:00,-1.106,4.146
2020-01-31 11:38:00,-1.105,4.147
2020-01-31 11:39:00,-1.105,4.146
2020-01-31 11:40:00,-1.105,4.144
2020-01-31 11:41:00,-1.105,4.146
2020-01-31 11:42:00,-1.105,4.145
2020-01-31 11:43:00,-1.106,4.141
2020-01-31 11:44:00,-1.105,4.14
2020-01-31 11:45:00,-1.105,4.142
2020-01-31 11:46:00,-1.105,4.143
2020-01-31 11:47:00,-1.105,4.137
2020-01-31 11:48:00,-1.106,4.141
2020-01-31 11:49:00,-1.106,4.144
2020-01-31 11:50:00,-1.105,4.142
2020-01-31 11:51:00,-1.105,4.142
2020-01-31 11:52:00,-1.105,4.145
2020-01-31 11:53:00,-1.105,4.146
2020-01-31 11:54:00,-1.105,4.148
2020-01-31 11:55:00,-1.105,4.147
2020-01-31 11:56:00,-1.105,4.148
2020-01-31 11:57:00,-1.105,4.151
2020-01-31 11:58:00,-1.105,4.151
2020-01-31 11:59:00,-1.105,4.152
2020-01-31 12:00:00,-1.105,4.155
2020-01-31 12:01:00,-1.105,4.155
2020-01-31 12:02:00,-1.105,4.161
2020-01-31 12:03:00,-1.105,4.156
2020-01-31 12:04:00,-1.105,4.159
2020-01-31 12:05:00,-1.105,4.161
2020-01-31 12:06:00,-1.105,4.162
2020-01-31 12:07:00,-1.105,4.166
2020-01-31 12:08:00,-1.105,4.165
2020-01-31 12:09:00,-1.105,4.168
2020-01-31 12:10:00,-1.105,4.166
2020-01-31 12:11:00,-1.105,4.167
2020-01-31 12:12:00,-1.105,4.168
2020-01-31 12:13:00,-1.105,4.169
2020-01-31 12:14:00,-1.105,4.171
2020-01-31 12:15:00,-1.105,4.171
2020-01-31 12:16:00,-1.105,4.171
2020-01-31 12:17:00,-1.105,4.171
2020-01-31 12:18:00,-1.105,4.174
2020-01-31 12:19:00,-1.105,4.179
2020-01-31 12:20:00,-1.105,4.178
2020-01-31 12:21:00,-1.105,0.417
2020-01-31 12:22:00,-1.105,4.181
2020-01-31 12:23:00,-1.105,4.181
2020-01-31 12:24:00,-1.105,4.183
2020-01-31 12:25:00,-1.105,4.187
2020-01-31 12:26:00,-1.105,4.192
2020-01-31 12:27:00,-1.105,4.191
2020-01-31 12:28:00,-1.105,4.191
2020-01-31 12:29:00,-1.105,4.193
2020-01-31 12:30:00,-1.106,4.2
2020-01-31 12:31:00,-1.106,4.205
2020-01-31 12:32:00,-1.105,4.206
2020-01-31 12:33:00,-1.105,4.207
2020-01-31 12:34:00,-1.105,4.209
2020-01-31 12:35:00,-1.105,4.216
2020-01-31 12:36:00,-1.106,4.218
2020-01-31 12:37:00,-1.106,4.219
2020-01-31 12:38:00,-1.106,4.221
2020-01-31 12:39:00,-1.106,4.223
2020-01-31 12:40:00,-1.106,4.227
2020-01-31 12:41:00,-1.106,4.227
2020-01-31 12:42:00,-1.106,4.231
2020-01-31 12:43:00,-1.106,4.233
2020-01-31 12:44:00,-1.106,4.235
2020-01-31 12:45:00,-1.106,4.239
2020-01-31 12:46:00,-1.106,4.239
2020-01-31 12:47:00,-1.106,4.243
2020-01-31 12:48:00,-1.106,4.245
2020-01-31 12:49:00,-1.106,4.245
2020-01-31 12:50:00,-1.106,4.251
2020-01-31 12:51:00,-1.106,4.252
2020-01-31 12:52:00,-1.106,4.252
2020-01-31 12:53:00,-1.106,4.253
2020-01-31 12:54:00,-1.106,4.255
2020-01-31 12:55:00,-1.106,4.26
2020-01-31 12:56:00,-1.106,4.264
2020-01-31 12:57:00,-1.106,4.267
2020-01-31 12:58:00,-1.106,4.27
2020-01-31 12:59:00,-1.106,4.273
2020-01-31 13:00:00,-1.106,4.275
2020-01-31 13:01:00,-1.106,4.281
2020-01-31 13:02:00,-1.106,4.283
2020-01-31 13:03:00,-1.106,4.281
2020-01-31 13:04:00,-1.106,4.289
2020-01-31 13:05:00,-1.106,4.294
2020-01-31 13:06:00,-1.106,4.299
2020-01-31 13:07:00,-1.106,4.303
2020-01-31 13:08:00,-1.106,4.309
2020-01-31 13:09:00,-1.106,4.307
2020-01-31 13:10:00,-1.106,4.311
2020-01-31 13:11:00,-1.106,4.319
2020-01-31 13:12:00,-1.106,4.323
2020-01-31 13:13:00,-1.106,4.332
2020-01-31 13:14:00,-1.106,4.335
2020-01-31 13:15:00,-1.106,4.337
2020-01-31 13:16:00,-1.106,4.342
2020-01-31 13:17:00,-1.106,4.346
2020-01-31 13:18:00,-1.106,4.351
2020-01-31 13:19:00,-1.106,4.359
2020-01-31 13:20:00,-1.106,4.358
2020-01-31 13:21:00,-1.106,4.363
2020-01-31 13:22:00,-1.106,4.366
2020-01-31 13:23:00,-1.106,4.369
2020-01-31 13:24:00,-1.106,4.378
2020-01-31 13:25:00,-1.106,4.385
2020-01-31 13:26:00,-1.106,4.386
2020-01-31 13:27:00,-1.106,4.39
2020-01-31 13:28:00,-1.106,4.399
2020-01-31 13:29:00,-1.106,4.398
2020-01-31 13:30:00,-1.106,4.402
2020-01-31 13:31:00,-1.106,4.411
2020-01-31 13:32:00,-1.106,4.415
2020-01-31 13:33:00,-1.106,4.422
2020-01-31 13:34:00,-1.106,4.427
2020-01-31 13:35:00,-1.106,4.429
2020-01-31 13:36:00,-1.106,4.436
2020-01-31 13:37:00,-1.106,4.44
2020-01-31 13:38:00,-1.107,4.448
2020-01-31 13:39:00,-1.107,4.453
2020-01-31 13:40:00,-1.107,4.459
2020-01-31 13:41:00,-1.108,4.462
2020-01-31 13:42:00,-1.108,4.462
2020-01-31 13:43:00,-1.109,4.468
2020-01-31 13:44:00,-1.108,4.473
2020-01-31 13:45:00,-1.108,4.475
2020-01-31 13:46:00,-1.108,4.479
2020-01-31 13:47:00,-1.109,4.482
2020-01-31 13:48:00,-1.109,4.489
2020-01-31 13:49:00,-1.109,4.489
2020-01-31 13:50:00,-1.109,4.495
2020-01-31 13:51:00,-1.109,4.5
2020-01-31 13:52:00,-1.109,4.507
2020-01-31 13:53:00,-1.109,4.509
2020-01-31 13:54:00,-1.11,4.512
2020-01-31 13:55:00,-1.109,4.518
2020-01-31 13:56:00,-1.109,4.524
2020-01-31 13:57:00,-1.11,4.531
2020-01-31 13:58:00,-1.109,4.537
2020-01-31 13:59:00,-1.11,4.542
2020-01-31 14:00:00,-1.11,4.547
2020-01-31 14:01:00,-1.11,4.552
2020-01-31 14:02:00,-1.11,4.557
2020-01-31 14:03:00,-1.11,4.56
2020-01-31 14:04:00,-1.11,4.564
2020-01-31 14:05:00,-1.11,4.57
2020-01-31 14:06:00,-1.11,4.574
2020-01-31 14:07:00,-1.11,4.579
2020-01-31 14:08:00,-1.11,4.585
2020-01-31 14:09:00,-1.11,4.592
2020-01-31 14:10:00,-1.11,4.595
2020-01-31 14:11:00,-1.11,4.6
2020-01-31 14:12:00,-1.11,4.604
2020-01-31 14:13:00,-1.11,4.608
2020-01-31 14:14:00,-1.11,4.611
2020-01-31 14:15:00,-1.11,4.616
2020-01-31 14:16:00,-1.11,4.622
2020-01-31 14:17:00,-1.11,4.624
2020-01-31 14:18:00,-1.11,4.628
2020-01-31 14:19:00,-1.111,4.63
2020-01-31 14:20:00,-1.11,4.639
2020-01-31 14:21:00,-1.11,4.643
2020-01-31 14:22:00,-1.11,4.646
2020-01-31 14:23:00,-1.11,4.654
2020-01-31 14:24:00,-1.11,4.657
2020-01-31 14:25:00,-1.11,4.66
2020-01-31 14:26:00,-1.11,4.667
2020-01-31 14:27:00,-1.11,4.672
2020-01-31 14:28:00,-1.11,4.675
2020-01-31 14:29:00,-1.11,4.683
2020-01-31 14:30:00,-1.11,4.687
2020-01-31 14:31:00,-1.11,4.69
2020-01-31 14:32:00,-1.11,4.695
2020-01-31 14:33:00,-1.11,4.701
2020-01-31 14:34:00,-1.11,4.705
2020-01-31 14:35:00,-1.11,4.712
2020-01-31 14:36:00,-1.11,4.717
2020-01-31 14:37:00,-1.111,4.722
2020-01-31 14:38:00,-1.11,4.725
2020-01-31 14:39:00,-1.11,4.728
2020-01-31 14:40:00,-1.11,4.734
2020-01-31 14:41:00,-1.111,4.74
2020-01-31 14:42:00,-1.111,4.746
2020-01-31 14:43:00,-1.111,4.751
2020-01-31 14:44:00,-1.111,4.755
2020-01-31 14:45:00,-1.111,4.761
2020-01-31 14:46:00,-1.111,4.766
2020-01-31 14:47:00,-1.111,4.771
2020-01-31 14:48:00,-1.111,4.775
2020-01-31 14:49:00,-1.111,4.78
2020-01-31 14:50:00,-1.111,4.785
2020-01-31 14:51:00,-1.111,4.789
2020-01-31 14:52:00,-1.111,4.793
2020-01-31 14:53:00,-1.111,4.797
2020-01-31 14:54:00,-1.111,4.801
2020-01-31 14:55:00,-1.111,4.806
2020-01-31 14:56:00,-1.111,4.809
2020-01-31 14:57:00,-1.111,4.811
2020-01-31 14:58:00,-1.111,4.815
2020-01-31 14:59:00,-1.111,4.819
2020-01-31 15:00:00,-1.111,4.824
2020-01-31 15:01:00,-1.111,4.83
2020-01-31 15:02:00,-1.111,4.833
2020-01-31 15:03:00,-1.111,4.836
2020-01-31 15:04:00,-1.111,4.842
2020-01-31 15:05:00,-1.111,4.847
2020-01-31 15:06:00,-1.111,4.85
2020-01-31 15:07:00,-1.111,4.855
2020-01-31 15:08:00,-1.111,4.859
2020-01-31 15:09:00,-1.111,4.865
2020-01-31 15:10:00,-1.111,4.872
2020-01-31 15:11:00,-1.11,4.874
2020-01-31 15:12:00,-1.111,4.883
2020-01-31 15:13:00,-1.111,4.888
2020-01-31 15:14:00,-1.11,4.896
2020-01-31 15:15:00,-1.11,4.901
2020-01-31 15:16:00,-1.111,4.907
2020-01-31 15:17:00,-1.111,4.911
2020-01-31 15:18:00,-1.111,4.914
2020-01-31 15:19:00,-1.111,4.92
2020-01-31 15:20:00,-1.111,4.923
2020-01-31 15:21:00,-1.111,4.925
2020-01-31 15:22:00,-1.111,4.93
2020-01-31 15:23:00,-1.111,4.931
2020-01-31 15:24:00,-1.111,4.934
2020-01-31 15:25:00,-1.111,4.936
2020-01-31 15:26:00,-1.111,4.939
2020-01-31 15:27:00,-1.111,4.942
2020-01-31 15:28:00,-1.111,4.946
2020-01-31 15:29:00,-1.111,4.949
2020-01-31 15:30:00,-1.111,4.953
2020-01-31 15:31:00,-1.111,4.96
2020-01-31 15:32:00,-1.111,4.965
2020-01-31 15:33:00,-1.111,4.971
2020-01-31 15:34:00,-1.111,4.974
2020-01-31 15:35:00,-1.111,4.98
2020-01-31 15:36:00,-1.112,4.99
2020-01-31 15:37:00,-1.112,4.996
2020-01-31 15:38:00,-1.111,5.003
2020-01-31 15:39:00,-1.111,5.008
2020-01-31 15:40:00,-1.111,5.012
2020-01-31 15:41:00,-1.111,5.019
2020-01-31 15:42:00,-1.111,5.023
2020-01-31 15:43:00,-1.111,5.027
2020-01-31 15:44:00,-1.111,5.033
2020-01-31 15:45:00,-1.111,5.034
2020-01-31 15:46:00,-1.111,5.04
2020-01-31 15:47:00,-1.111,5.044
2020-01-31 15:48:00,-1.111,5.048
2020-01-31 15:49:00,-1.111,5.054
2020-01-31 15:50:00,-1.111,5.056
2020-01-31 15:51:00,-1.111,5.058
2020-01-31 15:52:00,-1.111,5.063
2020-01-31 15:53:00,-1.111,5.068
2020-01-31 15:54:00,-1.111,5.072
2020-01-31 15:55:00,-1.111,5.076
2020-01-31 15:56:00,-1.111,5.083
2020-01-31 15:57:00,-1.111,5.09
2020-01-31 15:58:00,-1.111,5.094
2020-01-31 15:59:00,-1.111,5.098
2020-01-31 16:00:00,-1.112,5.104
2020-01-31 16:01:00,-1.111,5.107
2020-01-31 16:02:00,-1.111,5.11
2020-01-31 16:03:00,-1.111,5.115
2020-01-31 16:04:00,-1.111,5.121
2020-01-31 16:05:00,-1.111,5.126
2020-01-31 16:06:00,-1.111,5.131
2020-01-31 16:07:00,-1.111,5.137
2020-01-31 16:08:00,-1.111,5.139
2020-01-31 16:09:00,-1.111,5.142
2020-01-31 16:10:00,-1.111,5.149
2020-01-31 16:11:00,-1.111,5.152
2020-01-31 16:12:00,-1.111,5.158
2020-01-31 16:13:00,-1.111,5.16
2020-01-31 16:14:00,-1.111,5.164
2020-01-31 16:15:00,-1.111,5.171
2020-01-31 16:16:00,-1.111,5.174
2020-01-31 16:17:00,-1.111,5.176
2020-01-31 16:18:00,-1.111,5.179
2020-01-31 16:19:00,-1.111,5.185
2020-01-31 16:20:00,-1.111,5.185
2020-01-31 16:21:00,-1.111,5.19
2020-01-31 16:22:00,-1.111,5.192
2020-01-31 16:23:00,-1.111,5.194
2020-01-31 16:24:00,-1.111,5.197
2020-01-31 16:25:00,-1.111,5.2
2020-01-31 16:26:00,-1.111,5.201
2020-01-31 16:27:00,-1.111,5.203
2020-01-31 16:28:00,-1.111,5.205
2020-01-31 16:29:00,-1.111,5.211
2020-01-31 16:30:00,-1.111,5.214
2020-01-31 16:31:00,-1.111,5.217
2020-01-31 16:32:00,-1.111,5.222
2020-01-31 16:33:00,-1.111,5.225
2020-01-31 16:34:00,-1.111,5.231
2020-01-31 16:35:00,-1.111,5.237
2020-01-31 16:36:00,-1.111,5.24
2020-01-31 16:37:00,-1.111,5.242
2020-01-31 16:38:00,-1.111,5.244
2020-01-31 16:39:00,-1.111,5.25
2020-01-31 16:40:00,-1.111,5.254
2020-01-31 16:41:00,-1.111,5.256
2020-01-31 16:42:00,-1.111,5.257
2020-01-31 16:43:00,-1.111,5.259
2020-01-31 16:44:00,-1.111,5.263
2020-01-31 16:45:00,-1.111,5.263
2020-01-31 16:46:00,-1.11,5.264
2020-01-31 16:47:00,-1.111,5.266
2020-01-31 16:48:00,-1.111,5.268
2020-01-31 16:49:00,-1.111,5.268
2020-01-31 16:50:00,-1.111,5.271
2020-01-31 16:51:00,-1.111,5.276
2020-01-31 16:52:00,-1.111,5.278
2020-01-31 16:53:00,-1.111,5.282
2020-01-31 16:54:00,-1.111,5.286
2020-01-31 16:55:00,-1.111,5.29
2020-01-31 16:56:00,-1.111,5.29
2020-01-31 16:57:00,-1.111,5.292
2020-01-31 16:58:00,-1.111,5.296
2020-01-31 16:59:00,-1.111,5.299
2020-01-31 17:00:00,-1.111,5.303
2020-01-31 17:01:00,-1.111,5.305
2020-01-31 17:02:00,-1.111,5.308
2020-01-31 17:03:00,-1.111,5.312
2020-01-31 17:04:00,-1.111,5.314
2020-01-31 17:05:00,-1.111,5.314
2020-01-31 17:06:00,-1.111,5.314
2020-01-31 17:07:00,-1.111,5.315
2020-01-31 17:08:00,-1.111,5.314
2020-01-31 17:09:00,-1.111,5.315
2020-01-31 17:10:00,-1.111,5.313
2020-01-31 17:11:00,-1.111,5.315
2020-01-31 17:12:00,-1.111,5.318
2020-01-31 17:13:00,-1.111,5.318
2020-01-31 17:14:00,-1.111,5.32
2020-01-31 17:15:00,-1.111,5.32
2020-01-31 17:16:00,-1.111,5.323
2020-01-31 17:17:00,-1.111,5.325
2020-01-31 17:18:00,-1.111,5.326
2020-01-31 17:19:00,-1.111,5.328
2020-01-31 17:20:00,-1.111,5.329
2020-01-31 17:21:00,-1.111,5.33
2020-01-31 17:22:00,-1.111,5.332
2020-01-31 17:23:00,-1.111,5.334
2020-01-31 17:24:00,-1.111,5.336
2020-01-31 17:25:00,-1.111,5.339
2020-01-31 17:26:00,-1.111,5.34
2020-01-31 17:27:00,-1.111,5.342
2020-01-31 17:28:00,-1.111,5.342
2020-01-31 17:29:00,-1.111,5.343
2020-01-31 17:30:00,-1.111,5.343
2020-01-31 17:31:00,-1.111,5.343
2020-01-31 17:32:00,-1.111,5.342
2020-01-31 17:33:00,-1.111,5.344
2020-01-31 17:34:00,-1.111,5.343
2020-01-31 17:35:00,-1.111,5.342
2020-01-31 17:36:00,-1.111,5.342
2020-01-31 17:37:00,-1.111,5.342
2020-01-31 17:38:00,-1.111,5.342
2020-01-31 17:39:00,-1.111,5.34
2020-01-31 17:40:00,-1.111,5.339
2020-01-31 17:41:00,-1.111,5.34
2020-01-31 17:42:00,-1.111,5.34
2020-01-31 17:43:00,-1.111,5.342
2020-01-31 17:44:00,-1.111,5.343
2020-01-31 17:45:00,-1.111,5.343
2020-01-31 17:46:00,-1.111,5.346
2020-01-31 17:47:00,-1.11,5.349
2020-01-31 17:48:00,-1.111,5.348
2020-01-31 17:49:00,-1.111,5.349
2020-01-31 17:50:00,-1.111,5.349
2020-01-31 17:51:00,-1.111,5.349
2020-01-31 17:52:00,-1.111,5.35
2020-01-31 17:53:00,-1.111,5.35
2020-01-31 17:54:00,-1.111,5.349
2020-01-31 17:55:00,-1.111,5.348
2020-01-31 17:56:00,-1.111,5.348
2020-01-31 17:57:00,-1.111,5.347
2020-01-31 17:58:00,-1.111,5.344
2020-01-31 17:59:00,-1.111,5.342
2020-01-31 18:00:00,-1.111,5.339
2020-01-31 18:01:00,-1.111,5.337
2020-01-31 18:02:00,-1.111,5.336
2020-01-31 18:03:00,-1.11,5.334
2020-01-31 18:04:00,-1.11,5.335
2020-01-31 18:05:00,-1.11,5.333
2020-01-31 18:06:00,-1.111,5.334
2020-01-31 18:07:00,-1.111,5.333
2020-01-31 18:08:00,-1.11,5.334
2020-01-31 18:09:00,-1.11,5.335
2020-01-31 18:10:00,-1.11,5.335
2020-01-31 18:11:00,-1.11,5.332
2020-01-31 18:12:00,-1.111,5.331
2020-01-31 18:13:00,-1.111,5.329
2020-01-31 18:14:00,-1.11,5.328
2020-01-31 18:15:00,-1.111,5.324
2020-01-31 18:16:00,-1.11,5.323
2020-01-31 18:17:00,-1.111,5.321
2020-01-31 18:18:00,-1.111,5.318
2020-01-31 18:19:00,-1.111,5.314
2020-01-31 18:20:00,-1.111,5.312
2020-01-31 18:21:00,-1.111,0.53
2020-01-31 18:22:00,-1.111,5.305
2020-01-31 18:23:00,-1.111,5.303
2020-01-31 18:24:00,-1.111,5.302
2020-01-31 18:25:00,-1.111,5.301
2020-01-31 18:26:00,-1.111,5.298
2020-01-31 18:27:00,-1.11,5.296
2020-01-31 18:28:00,-1.11,5.296
2020-01-31 18:29:00,-1.11,5.297
2020-01-31 18:30:00,-1.111,5.296
2020-01-31 18:31:00,-1.111,5.294
2020-01-31 18:32:00,-1.111,5.294
2020-01-31 18:33:00,-1.111,5.293
2020-01-31 18:34:00,-1.111,5.291
2020-01-31 18:35:00,-1.111,5.287
2020-01-31 18:36:00,-1.111,5.286
2020-01-31 18:37:00,-1.111,5.284
2020-01-31 18:38:00,-1.111,5.279
2020-01-31 18:39:00,-1.111,5.276
2020-01-31 18:40:00,-1.111,5.272
2020-01-31 18:41:00,-1.111,5.267
2020-01-31 18:42:00,-1.111,5.263
2020-01-31 18:43:00,-1.111,5.26
2020-01-31 18:44:00,-1.111,5.256
2020-01-31 18:45:00,-1.111,5.25
2020-01-31 18:46:00,-1.111,5.243
2020-01-31 18:47:00,-1.111,5.236
2020-01-31 18:48:00,-1.111,5.23
2020-01-31 18:49:00,-1.111,5.227
2020-01-31 18:50:00,-1.111,5.224
2020-01-31 18:51:00,-1.111,5.223
2020-01-31 18:52:00,-1.111,5.221
2020-01-31 18:53:00,-1.111,5.216
2020-01-31 18:54:00,-1.111,5.214
2020-01-31 18:55:00,-1.111,5.211
2020-01-31 18:56:00,-1.111,5.206
2020-01-31 18:57:00,-1.111,5.205
2020-01-31 18:58:00,-1.111,5.201
2020-01-31 18:59:00,-1.111,5.197
2020-01-31 19:00:00,-1.111,5.195
2020-01-31 19:01:00,-1.111,5.191
2020-01-31 19:02:00,-1.111,5.188
2020-01-31 19:03:00,-1.111,5.186
2020-01-31 19:04:00,-1.111,5.182
2020-01-31 19:05:00,-1.111,5.181
2020-01-31 19:06:00,-1.111,5.177
2020-01-31 19:07:00,-1.111,5.171
2020-01-31 19:08:00,-1.111,5.167
2020-01-31 19:09:00,-1.111,5.159
2020-01-31 19:10:00,-1.111,5.155
2020-01-31 19:11:00,-1.111,5.151
2020-01-31 19:12:00,-1.111,5.146
2020-01-31 19:13:00,-1.111,5.141
2020-01-31 19:14:00,-1.11,5.136
2020-01-31 19:15:00,-1.11,5.133
2020-01-31 19:16:00,-1.111,5.128
2020-01-31 19:17:00,-1.111,5.123
2020-01-31 19:18:00,-1.111,5.12
2020-01-31 19:19:00,-1.111,5.118
2020-01-31 19:20:00,-1.111,5.114
2020-01-31 19:21:00,-1.111,5.103
2020-01-31 19:22:00,-1.111,5.1
2020-01-31 19:23:00,-1.111,5.092
2020-01-31 19:24:00,-1.111,5.087
2020-01-31 19:25:00,-1.111,5.084
2020-01-31 19:26:00,-1.111,5.079
2020-01-31 19:27:00,-1.111,5.076
2020-01-31 19:28:00,-1.111,5.068
2020-01-31 19:29:00,-1.111,5.067
2020-01-31 19:30:00,-1.111,5.064
2020-01-31 19:31:00,-1.111,5.056
2020-01-31 19:32:00,-1.111,5.052
2020-01-31 19:33:00,-1.111,5.045
2020-01-31 19:34:00,-1.111,5.037
2020-01-31 19:35:00,-1.111,5.035
2020-01-31 19:36:00,-1.111,5.029
2020-01-31 19:37:00,-1.111,5.023
2020-01-31 19:38:00,-1.111,5.019
2020-01-31 19:39:00,-1.111,5.009
2020-01-31 19:40:00,-1.111,5.006
2020-01-31 19:41:00,-1.111,4.998
2020-01-31 19:42:00,-1.111,4.996
2020-01-31 19:43:00,-1.111,4.986
2020-01-31 19:44:00,-1.111,4.983
2020-01-31 19:45:00,-1.111,4.979
2020-01-31 19:46:00,-1.111,4.981
2020-01-31 19:47:00,-1.11,4.975
2020-01-31 19:48:00,-1.111,4.971
2020-01-31 19:49:00,-1.11,4.967
2020-01-31 19:50:00,-1.11,4.958
2020-01-31 19:51:00,-1.11,4.958
2020-01-31 19:52:00,-1.11,4.95
2020-01-31 19:53:00,-1.11,4.944
2020-01-31 19:54:00,-1.11,4.939
2020-01-31 19:55:00,-1.11,4.936
2020-01-31 19:56:00,-1.11,4.932
2020-01-31 19:57:00,-1.11,4.926
2020-01-31 19:58:00,-1.11,4.919
2020-01-31 19:59:00,-1.11,4.915
2020-01-31 20:00:00,-1.111,4.911
2020-01-31 20:01:00,-1.11,4.905
2020-01-31 20:02:00,-1.11,4.9
2020-01-31 20:03:00,-1.11,4.892
2020-01-31 20:04:00,-1.11,4.888
2020-01-31 20:05:00,-1.11,4.881
2020-01-31 20:06:00,-1.11,4.875
2020-01-31 20:07:00,-1.11,4.87
2020-01-31 20:08:00,-1.11,4.864
2020-01-31 20:09:00,-1.11,4.858
2020-01-31 20:10:00,-1.11,4.852
2020-01-31 20:11:00,-1.11,4.847
2020-01-31 20:12:00,-1.111,4.842
2020-01-31 20:13:00,-1.111,4.838
2020-01-31 20:14:00,-1.11,4.833
2020-01-31 20:15:00,-1.11,4.827
2020-01-31 20:16:00,-1.11,4.822
2020-01-31 20:17:00,-1.11,4.818
2020-01-31 20:18:00,-1.111,4.814
2020-01-31 20:19:00,-1.111,4.807
2020-01-31 20:20:00,-1.11,4.8
2020-01-31 20:21:00,-1.11,4.794
2020-01-31 20:22:00,-1.11,4.788
2020-01-31 20:23:00,-1.11,4.783
2020-01-31 20:24:00,-1.11,4.777
2020-01-31 20:25:00,-1.11,4.77
2020-01-31 20:26:00,-1.11,4.762
2020-01-31 20:27:00,-1.11,4.752
2020-01-31 20:28:00,-1.11,4.746
2020-01-31 20:29:00,-1.11,4.739
2020-01-31 20:30:00,-1.11,4.734
2020-01-31 20:31:00,-1.11,4.727
2020-01-31 20:32:00,-1.11,4.72
2020-01-31 20:33:00,-1.11,4.714
2020-01-31 20:34:00,-1.11,4.709
2020-01-31 20:35:00,-1.11,4.705
2020-01-31 20:36:00,-1.11,4.699
2020-01-31 20:37:00,-1.11,4.692
2020-01-31 20:38:00,-1.11,4.687
2020-01-31 20:39:00,-1.11,4.684
2020-01-31 20:40:00,-1.11,4.68
2020-01-31 20:41:00,-1.11,4.675
2020-01-31 20:42:00,-1.11,4.669
2020-01-31 20:43:00,-1.11,4.665
2020-01-31 20:44:00,-1.11,4.66
2020-01-31 20:45:00,-1.11,4.654
2020-01-31 20:46:00,-1.11,4.648
2020-01-31 20:47:00,-1.11,4.642
2020-01-31 20:48:00,-1.11,4.635
2020-01-31 20:49:00,-1.11,4.628
2020-01-31 20:50:00,-1.11,4.619
2020-01-31 20:51:00,-1.11,4.614
2020-01-31 20:52:00,-1.11,4.605
2020-01-31 20:53:00,-1.11,4.598
2020-01-31 20:54:00,-1.11,4.591
2020-01-31 20:55:00,-1.11,4.584
2020-01-31 20:56:00,-1.11,4.578
2020-01-31 20:57:00,-1.11,4.571
2020-01-31 20:58:00,-1.11,4.566
2020-01-31 20:59:00,-1.11,4.56
2020-01-31 21:00:00,-1.11,4.555
2020-01-31 21:01:00,-1.11,4.551
2020-01-31 21:02:00,-1.11,4.546
2020-01-31 21:03:00,-1.11,4.543
2020-01-31 21:04:00,-1.11,4.538
2020-01-31 21:05:00,-1.11,4.533
2020-01-31 21:06:00,-1.11,4.529
2020-01-31 21:07:00,-1.11,4.523
2020-01-31 21:08:00,-1.11,4.517
2020-01-31 21:09:00,-1.11,4.512
2020-01-31 21:10:00,-1.11,4.507
2020-01-31 21:11:00,-1.11,4.501
2020-01-31 21:12:00,-1.11,4.496
2020-01-31 21:13:00,-1.11,4.489
2020-01-31 21:14:00,-1.11,4.482
2020-01-31 21:15:00,-1.11,4.476
2020-01-31 21:16:00,-1.11,4.468
2020-01-31 21:17:00,-1.11,4.461
2020-01-31 21:18:00,-1.11,4.453
2020-01-31 21:19:00,-1.11,4.444
2020-01-31 21:20:00,-1.11,4.436
2020-01-31 21:21:00,-1.11,4.43
2020-01-31 21:22:00,-1.11,4.423
2020-01-31 21:23:00,-1.11,4.416
2020-01-31 21:24:00,-1.11,4.41
2020-01-31 21:25:00,-1.11,4.403
2020-01-31 21:26:00,-1.11,4.398
2020-01-31 21:27:00,-1.11,4.394
2020-01-31 21:28:00,-1.11,4.391
2020-01-31 21:29:00,-1.11,4.387
2020-01-31 21:30:00,-1.11,4.382
2020-01-31 21:31:00,-1.11,4.377
2020-01-31 21:32:00,-1.11,4.372
2020-01-31 21:33:00,-1.11,4.368
2020-01-31 21:34:00,-1.11,4.364
2020-01-31 21:35:00,-1.11,4.358
2020-01-31 21:36:00,-1.11,4.351
2020-01-31 21:37:00,-1.11,4.346
2020-01-31 21:38:00,-1.11,4.339
2020-01-31 21:39:00,-1.11,4.334
2020-01-31 21:40:00,-1.11,4.327
2020-01-31 21:41:00,-1.11,4.321
2020-01-31 21:42:00,-1.11,4.313
2020-01-31 21:43:00,-1.11,4.307
2020-01-31 21:44:00,-1.11,4.3
2020-01-31 21:45:00,-1.11,4.294
2020-01-31 21:46:00,-1.109,4.287
2020-01-31 21:47:00,-1.11,4.28
2020-01-31 21:48:00,-1.11,4.273
2020-01-31 21:49:00,-1.11,4.267
2020-01-31 21:50:00,-1.11,4.26
2020-01-31 21:51:00,-1.11,4.252
2020-01-31 21:52:00,-1.11,4.248
2020-01-31 21:53:00,-1.11,4.244
2020-01-31 21:54:00,-1.11,4.24
2020-01-31 21:55:00,-1.11,4.235
2020-01-31 21:56:00,-1.11,4.229
2020-01-31 21:57:00,-1.11,4.222
2020-01-31 21:58:00,-1.11,4.216
2020-01-31 21:59:00,-1.11,4.211
2020-01-31 22:00:00,-1.11,4.204
2020-01-31 22:01:00,-1.11,4.198
2020-01-31 22:02:00,-1.11,4.192
2020-01-31 22:03:00,-1.11,4.186
2020-01-31 22:04:00,-1.11,4.181
2020-01-31 22:05:00,-1.11,4.175
2020-01-31 22:06:00,-1.11,4.169
2020-01-31 22:07:00,-1.11,4.164
2020-01-31 22:08:00,-1.11,4.16
2020-01-31 22:09:00,-1.11,4.157
2020-01-31 22:10:00,-1.11,4.154
2020-01-31 22:11:00,-1.11,4.15
2020-01-31 22:12:00,-1.11,4.147
2020-01-31 22:13:00,-1.11,4.143
2020-01-31 22:14:00,-1.11,4.14
2020-01-31 22:15:00,-1.11,4.137
2020-01-31 22:16:00,-1.11,4.133
2020-01-31 22:17:00,-1.11,4.129
2020-01-31 22:18:00,-1.11,4.126
2020-01-31 22:19:00,-1.11,4.121
2020-01-31 22:20:00,-1.11,4.118
2020-01-31 22:21:00,-1.11,4.116
2020-01-31 22:22:00,-1.11,4.111
2020-01-31 22:23:00,-1.11,4.107
2020-01-31 22:24:00,-1.11,4.101
2020-01-31 22:25:00,-1.11,4.094
2020-01-31 22:26:00,-1.11,4.088
2020-01-31 22:27:00,-1.11,4.082
2020-01-31 22:28:00,-1.11,4.076
2020-01-31 22:29:00,-1.11,4.071
2020-01-31 22:30:00,-1.11,4.068
2020-01-31 22:31:00,-1.11,4.062
2020-01-31 22:32:00,-1.11,4.059
2020-01-31 22:33:00,-1.11,4.057
2020-01-31 22:34:00,-1.11,4.055
2020-01-31 22:35:00,-1.11,4.053
2020-01-31 22:36:00,-1.11,4.05
2020-01-31 22:37:00,-1.11,4.048
2020-01-31 22:38:00,-1.11,4.045
2020-01-31 22:39:00,-1.11,4.043
2020-01-31 22:40:00,-1.11,4.04
2020-01-31 22:41:00,-1.11,4.035
2020-01-31 22:42:00,-1.11,4.032
2020-01-31 22:43:00,-1.11,4.029
2020-01-31 22:44:00,-1.11,4.027
2020-01-31 22:45:00,-1.11,4.024
2020-01-31 22:46:00,-1.11,4.019
2020-01-31 22:47:00,-1.109,4.015
2020-01-31 22:48:00,-1.11,4.014
2020-01-31 22:49:00,-1.11,4.01
2020-01-31 22:50:00,-1.11,4.006
2020-01-31 22:51:00,-1.11,4.001
2020-01-31 22:52:00,-1.109,4.003
2020-01-31 22:53:00,-1.11,4.002
2020-01-31 22:54:00,-1.11,4.002
2020-01-31 22:55:00,-1.11,3.999
2020-01-31 22:56:00,-1.11,3.997
2020-01-31 22:57:00,-1.109,3.993
2020-01-31 22:58:00,-1.109,3.99
2020-01-31 22:59:00,-1.109,3.984
2020-01-31 23:00:00,-1.11,3.978
2020-01-31 23:01:00,-1.11,3.974
2020-01-31 23:02:00,-1.109,3.971
2020-01-31 23:03:00,-1.109,3.969
2020-01-31 23:04:00,-1.109,3.965
2020-01-31 23:05:00,-1.109,3.962
2020-01-31 23:06:00,-1.11,3.959
2020-01-31 23:07:00,-1.11,3.953
2020-01-31 23:08:00,-1.109,3.948
2020-01-31 23:09:00,-1.109,3.944
2020-01-31 23:10:00,-1.109,3.942
2020-01-31 23:11:00,-1.109,3.939
2020-01-31 23:12:00,-1.109,3.939
2020-01-31 23:13:00,-1.109,3.936
2020-01-31 23:14:00,-1.109,3.934
2020-01-31 23:15:00,-1.109,3.934
2020-01-31 23:16:00,-1.109,3.932
2020-01-31 23:17:00,-1.109,3.93
2020-01-31 23:18:00,-1.109,3.928
2020-01-31 23:19:00,-1.109,3.926
2020-01-31 23:20:00,-1.109,3.925
2020-01-31 23:21:00,-1.109,3.922
2020-01-31 23:22:00,-1.109,3.922
2020-01-31 23:23:00,-1.109,3.921
2020-01-31 23:24:00,-1.109,3.92
2020-01-31 23:25:00,-1.109,3.919
2020-01-31 23:26:00,-1.109,3.92
2020-01-31 23:27:00,-1.109,3.915
2020-01-31 23:28:00,-1.109,3.917
2020-01-31 23:29:00,-1.109,3.917
2020-01-31 23:30:00,-1.109,3.917
2020-01-31 23:31:00,-1.109,3.914
2020-01-31 23:32:00,-1.109,3.916
2020-01-31 23:33:00,-1.109,3.917
2020-01-31 23:34:00,-1.109,3.916
2020-01-31 23:35:00,-1.109,3.916
2020-01-31 23:36:00,-1.109,3.913
2020-01-31 23:37:00,-1.109,3.913
2020-01-31 23:38:00,-1.109,3.911
2020-01-31 23:39:00,-1.109,3.909
2020-01-31 23:40:00,-1.109,3.909
2020-01-31 23:41:00,-1.109,3.908
2020-01-31 23:42:00,-1.109,3.904
2020-01-31 23:43:00,-1.109,3.903
2020-01-31 23:44:00,-1.109,3.902
2020-01-31 23:45:00,-1.109,3.902
2020-01-31 23:46:00,-1.109,3.901
2020-01-31 23:47:00,-1.109,3.9
2020-01-31 23:48:00,-1.109,3.899
2020-01-31 23:49:00,-1.109,3.894
2020-01-31 23:50:00,-1.109,3.896
2020-01-31 23:51:00,-1.109,3.897
2020-01-31 23:52:00,-1.109,3.897
2020-01-31 23:53:00,-1.109,3.898
2020-01-31 23:54:00,-1.109,3.896
2020-01-31 23:55:00,-1.109,3.899
2020-01-31 23:56:00,-1.109,3.9
2020-01-31 23:57:00,-1.109,3.901
2020-01-31 23:58:00,-1.109,3.902
2020-01-31 23:59:00,-1.109,3.904
2020-02-01 00:00:00,-1.109,3.905
